{
    "node-red": {
        "name": "node-red",
        "version": "4.0.3",
        "local": false,
        "user": false,
        "nodes": {
            "junction": {
                "name": "junction",
                "types": [
                    "junction"
                ],
                "enabled": true,
                "local": false,
                "user": false,
                "module": "node-red",
                "file": "/usr/src/node-red/node_modules/@node-red/nodes/core/common/05-junction.js"
            },
            "inject": {
                "name": "inject",
                "types": [
                    "inject"
                ],
                "enabled": true,
                "local": false,
                "user": false,
                "module": "node-red",
                "file": "/usr/src/node-red/node_modules/@node-red/nodes/core/common/20-inject.js"
            },
            "debug": {
                "name": "debug",
                "types": [
                    "debug"
                ],
                "enabled": true,
                "local": false,
                "user": false,
                "module": "node-red",
                "file": "/usr/src/node-red/node_modules/@node-red/nodes/core/common/21-debug.js"
            },
            "complete": {
                "name": "complete",
                "types": [
                    "complete"
                ],
                "enabled": true,
                "local": false,
                "user": false,
                "module": "node-red",
                "file": "/usr/src/node-red/node_modules/@node-red/nodes/core/common/24-complete.js"
            },
            "catch": {
                "name": "catch",
                "types": [
                    "catch"
                ],
                "enabled": true,
                "local": false,
                "user": false,
                "module": "node-red",
                "file": "/usr/src/node-red/node_modules/@node-red/nodes/core/common/25-catch.js"
            },
            "status": {
                "name": "status",
                "types": [
                    "status"
                ],
                "enabled": true,
                "local": false,
                "user": false,
                "module": "node-red",
                "file": "/usr/src/node-red/node_modules/@node-red/nodes/core/common/25-status.js"
            },
            "link": {
                "name": "link",
                "types": [
                    "link in",
                    "link out",
                    "link call"
                ],
                "enabled": true,
                "local": false,
                "user": false,
                "module": "node-red",
                "file": "/usr/src/node-red/node_modules/@node-red/nodes/core/common/60-link.js"
            },
            "comment": {
                "name": "comment",
                "types": [
                    "comment"
                ],
                "enabled": true,
                "local": false,
                "user": false,
                "module": "node-red",
                "file": "/usr/src/node-red/node_modules/@node-red/nodes/core/common/90-comment.js"
            },
            "global-config": {
                "name": "global-config",
                "types": [
                    "global-config"
                ],
                "enabled": true,
                "local": false,
                "user": false,
                "module": "node-red",
                "file": "/usr/src/node-red/node_modules/@node-red/nodes/core/common/91-global-config.js"
            },
            "unknown": {
                "name": "unknown",
                "types": [
                    "unknown"
                ],
                "enabled": true,
                "local": false,
                "user": false,
                "module": "node-red",
                "file": "/usr/src/node-red/node_modules/@node-red/nodes/core/common/98-unknown.js"
            },
            "function": {
                "name": "function",
                "types": [
                    "function"
                ],
                "enabled": true,
                "local": false,
                "user": false,
                "module": "node-red",
                "file": "/usr/src/node-red/node_modules/@node-red/nodes/core/function/10-function.js"
            },
            "switch": {
                "name": "switch",
                "types": [
                    "switch"
                ],
                "enabled": true,
                "local": false,
                "user": false,
                "module": "node-red",
                "file": "/usr/src/node-red/node_modules/@node-red/nodes/core/function/10-switch.js"
            },
            "change": {
                "name": "change",
                "types": [
                    "change"
                ],
                "enabled": true,
                "local": false,
                "user": false,
                "module": "node-red",
                "file": "/usr/src/node-red/node_modules/@node-red/nodes/core/function/15-change.js"
            },
            "range": {
                "name": "range",
                "types": [
                    "range"
                ],
                "enabled": true,
                "local": false,
                "user": false,
                "module": "node-red",
                "file": "/usr/src/node-red/node_modules/@node-red/nodes/core/function/16-range.js"
            },
            "template": {
                "name": "template",
                "types": [
                    "template"
                ],
                "enabled": true,
                "local": false,
                "user": false,
                "module": "node-red",
                "file": "/usr/src/node-red/node_modules/@node-red/nodes/core/function/80-template.js"
            },
            "delay": {
                "name": "delay",
                "types": [
                    "delay"
                ],
                "enabled": true,
                "local": false,
                "user": false,
                "module": "node-red",
                "file": "/usr/src/node-red/node_modules/@node-red/nodes/core/function/89-delay.js"
            },
            "trigger": {
                "name": "trigger",
                "types": [
                    "trigger"
                ],
                "enabled": true,
                "local": false,
                "user": false,
                "module": "node-red",
                "file": "/usr/src/node-red/node_modules/@node-red/nodes/core/function/89-trigger.js"
            },
            "exec": {
                "name": "exec",
                "types": [
                    "exec"
                ],
                "enabled": true,
                "local": false,
                "user": false,
                "module": "node-red",
                "file": "/usr/src/node-red/node_modules/@node-red/nodes/core/function/90-exec.js"
            },
            "rbe": {
                "name": "rbe",
                "types": [
                    "rbe"
                ],
                "enabled": true,
                "local": false,
                "user": false,
                "module": "node-red",
                "file": "/usr/src/node-red/node_modules/@node-red/nodes/core/function/rbe.js"
            },
            "tls": {
                "name": "tls",
                "types": [
                    "tls-config"
                ],
                "enabled": true,
                "local": false,
                "user": false,
                "module": "node-red",
                "file": "/usr/src/node-red/node_modules/@node-red/nodes/core/network/05-tls.js"
            },
            "httpproxy": {
                "name": "httpproxy",
                "types": [
                    "http proxy"
                ],
                "enabled": true,
                "local": false,
                "user": false,
                "module": "node-red",
                "file": "/usr/src/node-red/node_modules/@node-red/nodes/core/network/06-httpproxy.js"
            },
            "mqtt": {
                "name": "mqtt",
                "types": [
                    "mqtt in",
                    "mqtt out",
                    "mqtt-broker"
                ],
                "enabled": true,
                "local": false,
                "user": false,
                "module": "node-red",
                "file": "/usr/src/node-red/node_modules/@node-red/nodes/core/network/10-mqtt.js"
            },
            "httpin": {
                "name": "httpin",
                "types": [
                    "http in",
                    "http response"
                ],
                "enabled": true,
                "local": false,
                "user": false,
                "module": "node-red",
                "file": "/usr/src/node-red/node_modules/@node-red/nodes/core/network/21-httpin.js"
            },
            "httprequest": {
                "name": "httprequest",
                "types": [
                    "http request"
                ],
                "enabled": true,
                "local": false,
                "user": false,
                "module": "node-red",
                "file": "/usr/src/node-red/node_modules/@node-red/nodes/core/network/21-httprequest.js"
            },
            "websocket": {
                "name": "websocket",
                "types": [
                    "websocket in",
                    "websocket out",
                    "websocket-listener",
                    "websocket-client"
                ],
                "enabled": true,
                "local": false,
                "user": false,
                "module": "node-red",
                "file": "/usr/src/node-red/node_modules/@node-red/nodes/core/network/22-websocket.js"
            },
            "tcpin": {
                "name": "tcpin",
                "types": [
                    "tcp in",
                    "tcp out",
                    "tcp request"
                ],
                "enabled": true,
                "local": false,
                "user": false,
                "module": "node-red",
                "file": "/usr/src/node-red/node_modules/@node-red/nodes/core/network/31-tcpin.js"
            },
            "udp": {
                "name": "udp",
                "types": [
                    "udp in",
                    "udp out"
                ],
                "enabled": true,
                "local": false,
                "user": false,
                "module": "node-red",
                "file": "/usr/src/node-red/node_modules/@node-red/nodes/core/network/32-udp.js"
            },
            "CSV": {
                "name": "CSV",
                "types": [
                    "csv"
                ],
                "enabled": true,
                "local": false,
                "user": false,
                "module": "node-red",
                "file": "/usr/src/node-red/node_modules/@node-red/nodes/core/parsers/70-CSV.js"
            },
            "HTML": {
                "name": "HTML",
                "types": [
                    "html"
                ],
                "enabled": true,
                "local": false,
                "user": false,
                "module": "node-red",
                "file": "/usr/src/node-red/node_modules/@node-red/nodes/core/parsers/70-HTML.js"
            },
            "JSON": {
                "name": "JSON",
                "types": [
                    "json"
                ],
                "enabled": true,
                "local": false,
                "user": false,
                "module": "node-red",
                "file": "/usr/src/node-red/node_modules/@node-red/nodes/core/parsers/70-JSON.js"
            },
            "XML": {
                "name": "XML",
                "types": [
                    "xml"
                ],
                "enabled": true,
                "local": false,
                "user": false,
                "module": "node-red",
                "file": "/usr/src/node-red/node_modules/@node-red/nodes/core/parsers/70-XML.js"
            },
            "YAML": {
                "name": "YAML",
                "types": [
                    "yaml"
                ],
                "enabled": true,
                "local": false,
                "user": false,
                "module": "node-red",
                "file": "/usr/src/node-red/node_modules/@node-red/nodes/core/parsers/70-YAML.js"
            },
            "split": {
                "name": "split",
                "types": [
                    "split",
                    "join"
                ],
                "enabled": true,
                "local": false,
                "user": false,
                "module": "node-red",
                "file": "/usr/src/node-red/node_modules/@node-red/nodes/core/sequence/17-split.js"
            },
            "sort": {
                "name": "sort",
                "types": [
                    "sort"
                ],
                "enabled": true,
                "local": false,
                "user": false,
                "module": "node-red",
                "file": "/usr/src/node-red/node_modules/@node-red/nodes/core/sequence/18-sort.js"
            },
            "batch": {
                "name": "batch",
                "types": [
                    "batch"
                ],
                "enabled": true,
                "local": false,
                "user": false,
                "module": "node-red",
                "file": "/usr/src/node-red/node_modules/@node-red/nodes/core/sequence/19-batch.js"
            },
            "file": {
                "name": "file",
                "types": [
                    "file",
                    "file in"
                ],
                "enabled": true,
                "local": false,
                "user": false,
                "module": "node-red",
                "file": "/usr/src/node-red/node_modules/@node-red/nodes/core/storage/10-file.js"
            },
            "watch": {
                "name": "watch",
                "types": [
                    "watch"
                ],
                "enabled": true,
                "local": false,
                "user": false,
                "module": "node-red",
                "file": "/usr/src/node-red/node_modules/@node-red/nodes/core/storage/23-watch.js"
            }
        }
    },
    "node-red-node-discord": {
        "name": "node-red-node-discord",
        "version": "2.2.0",
        "local": true,
        "user": true,
        "nodes": {
            "connect": {
                "name": "connect",
                "types": [
                    "discord-token"
                ],
                "enabled": true,
                "local": true,
                "user": false,
                "module": "node-red-node-discord",
                "file": "/data/node_modules/node-red-node-discord/dist/nodes/connect.js"
            },
            "discord-get-messages": {
                "name": "discord-get-messages",
                "types": [
                    "discord-get-messages"
                ],
                "enabled": true,
                "local": true,
                "user": false,
                "module": "node-red-node-discord",
                "file": "/data/node_modules/node-red-node-discord/dist/nodes/get-messages.js"
            },
            "discord-get-emoji-reactions": {
                "name": "discord-get-emoji-reactions",
                "types": [
                    "discord-get-emoji-reactions"
                ],
                "enabled": true,
                "local": true,
                "user": false,
                "module": "node-red-node-discord",
                "file": "/data/node_modules/node-red-node-discord/dist/nodes/get-emoji-reactions.js"
            },
            "discord-send-messages": {
                "name": "discord-send-messages",
                "types": [
                    "discord-send-messages"
                ],
                "enabled": true,
                "local": true,
                "user": false,
                "module": "node-red-node-discord",
                "file": "/data/node_modules/node-red-node-discord/dist/nodes/send-messages.js"
            },
            "discord-members-monitoring": {
                "name": "discord-members-monitoring",
                "types": [
                    "discord-monitor-members"
                ],
                "enabled": true,
                "local": true,
                "user": false,
                "module": "node-red-node-discord",
                "file": "/data/node_modules/node-red-node-discord/dist/nodes/members-monitoring.js"
            }
        }
    },
    "dashboard-evi": {
        "name": "dashboard-evi",
        "version": "1.0.2",
        "local": true,
        "user": true,
        "nodes": {
            "ui_base": {
                "name": "ui_base",
                "types": [
                    "ui_base"
                ],
                "enabled": true,
                "local": true,
                "user": false,
                "module": "dashboard-evi",
                "file": "/data/node_modules/dashboard-evi/nodes/ui_base.js"
            },
            "ui_button": {
                "name": "ui_button",
                "types": [
                    "ui_button"
                ],
                "enabled": true,
                "local": true,
                "user": false,
                "module": "dashboard-evi",
                "file": "/data/node_modules/dashboard-evi/nodes/ui_button.js"
            },
            "ui_dropdown": {
                "name": "ui_dropdown",
                "types": [
                    "ui_dropdown"
                ],
                "enabled": true,
                "local": true,
                "user": false,
                "module": "dashboard-evi",
                "file": "/data/node_modules/dashboard-evi/nodes/ui_dropdown.js"
            },
            "ui_switch": {
                "name": "ui_switch",
                "types": [
                    "ui_switch"
                ],
                "enabled": true,
                "local": true,
                "user": false,
                "module": "dashboard-evi",
                "file": "/data/node_modules/dashboard-evi/nodes/ui_switch.js"
            },
            "ui_slider": {
                "name": "ui_slider",
                "types": [
                    "ui_slider"
                ],
                "enabled": true,
                "local": true,
                "user": false,
                "module": "dashboard-evi",
                "file": "/data/node_modules/dashboard-evi/nodes/ui_slider.js"
            },
            "ui_numeric": {
                "name": "ui_numeric",
                "types": [
                    "ui_numeric"
                ],
                "enabled": true,
                "local": true,
                "user": false,
                "module": "dashboard-evi",
                "file": "/data/node_modules/dashboard-evi/nodes/ui_numeric.js"
            },
            "ui_text_input": {
                "name": "ui_text_input",
                "types": [
                    "ui_text_input"
                ],
                "enabled": true,
                "local": true,
                "user": false,
                "module": "dashboard-evi",
                "file": "/data/node_modules/dashboard-evi/nodes/ui_text_input.js"
            },
            "ui_date_picker": {
                "name": "ui_date_picker",
                "types": [
                    "ui_date_picker"
                ],
                "enabled": true,
                "local": true,
                "user": false,
                "module": "dashboard-evi",
                "file": "/data/node_modules/dashboard-evi/nodes/ui_date_picker.js"
            },
            "ui_colour_picker": {
                "name": "ui_colour_picker",
                "types": [
                    "ui_colour_picker"
                ],
                "enabled": true,
                "local": true,
                "user": false,
                "module": "dashboard-evi",
                "file": "/data/node_modules/dashboard-evi/nodes/ui_colour_picker.js"
            },
            "ui_form": {
                "name": "ui_form",
                "types": [
                    "ui_form"
                ],
                "enabled": true,
                "local": true,
                "user": false,
                "module": "dashboard-evi",
                "file": "/data/node_modules/dashboard-evi/nodes/ui_form.js"
            },
            "ui_text": {
                "name": "ui_text",
                "types": [
                    "ui_text"
                ],
                "enabled": true,
                "local": true,
                "user": false,
                "module": "dashboard-evi",
                "file": "/data/node_modules/dashboard-evi/nodes/ui_text.js"
            },
            "ui_gauge": {
                "name": "ui_gauge",
                "types": [
                    "ui_gauge"
                ],
                "enabled": true,
                "local": true,
                "user": false,
                "module": "dashboard-evi",
                "file": "/data/node_modules/dashboard-evi/nodes/ui_gauge.js"
            },
            "ui_chart": {
                "name": "ui_chart",
                "types": [
                    "ui_chart"
                ],
                "enabled": true,
                "local": true,
                "user": false,
                "module": "dashboard-evi",
                "file": "/data/node_modules/dashboard-evi/nodes/ui_chart.js"
            },
            "ui_audio": {
                "name": "ui_audio",
                "types": [
                    "ui_audio"
                ],
                "enabled": true,
                "local": true,
                "user": false,
                "module": "dashboard-evi",
                "file": "/data/node_modules/dashboard-evi/nodes/ui_audio.js"
            },
            "ui_toast": {
                "name": "ui_toast",
                "types": [
                    "ui_toast"
                ],
                "enabled": true,
                "local": true,
                "user": false,
                "module": "dashboard-evi",
                "file": "/data/node_modules/dashboard-evi/nodes/ui_toast.js"
            },
            "ui_ui_control": {
                "name": "ui_ui_control",
                "types": [
                    "ui_ui_control"
                ],
                "enabled": true,
                "local": true,
                "user": false,
                "module": "dashboard-evi",
                "file": "/data/node_modules/dashboard-evi/nodes/ui_ui_control.js"
            },
            "ui_template": {
                "name": "ui_template",
                "types": [
                    "ui_template"
                ],
                "enabled": true,
                "local": true,
                "user": false,
                "module": "dashboard-evi",
                "file": "/data/node_modules/dashboard-evi/nodes/ui_template.js"
            },
            "ui_link": {
                "name": "ui_link",
                "types": [
                    "ui_link"
                ],
                "enabled": true,
                "local": true,
                "user": false,
                "module": "dashboard-evi",
                "file": "/data/node_modules/dashboard-evi/nodes/ui_link.js"
            },
            "ui_tab": {
                "name": "ui_tab",
                "types": [
                    "ui_tab"
                ],
                "enabled": true,
                "local": true,
                "user": false,
                "module": "dashboard-evi",
                "file": "/data/node_modules/dashboard-evi/nodes/ui_tab.js"
            },
            "ui_group": {
                "name": "ui_group",
                "types": [
                    "ui_group"
                ],
                "enabled": true,
                "local": true,
                "user": false,
                "module": "dashboard-evi",
                "file": "/data/node_modules/dashboard-evi/nodes/ui_group.js"
            },
            "ui_spacer": {
                "name": "ui_spacer",
                "types": [
                    "ui_spacer"
                ],
                "enabled": true,
                "local": true,
                "user": false,
                "module": "dashboard-evi",
                "file": "/data/node_modules/dashboard-evi/nodes/ui_spacer.js"
            }
        }
    },
    "node-red-contrib-play-soundfile": {
        "name": "node-red-contrib-play-soundfile",
        "version": "0.0.7",
        "local": true,
        "user": true,
        "nodes": {
            "play-soundfile": {
                "name": "play-soundfile",
                "types": [
                    "play-soundfile",
                    "soundfile-directory"
                ],
                "enabled": true,
                "local": true,
                "user": false,
                "module": "node-red-contrib-play-soundfile",
                "file": "/data/node_modules/node-red-contrib-play-soundfile/play-soundfile.js"
            }
        }
    },
    "node-red-contrib-play-audio-file": {
        "name": "node-red-contrib-play-audio-file",
        "version": "0.0.1",
        "local": true,
        "user": true,
        "nodes": {
            "play-audio-file": {
                "name": "play-audio-file",
                "types": [
                    "play_audio_file"
                ],
                "enabled": true,
                "local": true,
                "user": false,
                "module": "node-red-contrib-play-audio-file",
                "file": "/data/node_modules/node-red-contrib-play-audio-file/play_audio_file.js"
            }
        }
    },
    "@kitazaki/node-red-contrib-mcu-mp3": {
        "name": "@kitazaki/node-red-contrib-mcu-mp3",
        "version": "0.0.2",
        "local": true,
        "user": true,
        "nodes": {
            "displayimage": {
                "name": "displayimage",
                "types": [
                    "mcu_mp3"
                ],
                "enabled": true,
                "local": true,
                "user": false,
                "module": "@kitazaki/node-red-contrib-mcu-mp3",
                "file": "/data/node_modules/@kitazaki/node-red-contrib-mcu-mp3/mcu_mp3.js"
            }
        }
    },
    "node-red-contrib-browser-utils": {
        "name": "node-red-contrib-browser-utils",
        "version": "0.0.11",
        "local": true,
        "user": true,
        "nodes": {
            "fileinject": {
                "name": "fileinject",
                "types": [
                    "fileinject"
                ],
                "enabled": true,
                "local": true,
                "user": false,
                "module": "node-red-contrib-browser-utils",
                "file": "/data/node_modules/node-red-contrib-browser-utils/fileinject/fileinject.js"
            },
            "microphone": {
                "name": "microphone",
                "types": [
                    "microphone"
                ],
                "enabled": true,
                "local": true,
                "user": false,
                "module": "node-red-contrib-browser-utils",
                "file": "/data/node_modules/node-red-contrib-browser-utils/microphone/microphone.js"
            },
            "camera": {
                "name": "camera",
                "types": [
                    "camera"
                ],
                "enabled": true,
                "local": true,
                "user": false,
                "module": "node-red-contrib-browser-utils",
                "file": "/data/node_modules/node-red-contrib-browser-utils/camera/camera.js"
            }
        }
    },
    "node-red-node-ui-microphone": {
        "name": "node-red-node-ui-microphone",
        "version": "0.3.1",
        "local": true,
        "user": true,
        "nodes": {
            "ui_microphone": {
                "name": "ui_microphone",
                "types": [
                    "ui_microphone"
                ],
                "enabled": true,
                "local": true,
                "user": false,
                "module": "node-red-node-ui-microphone",
                "file": "/data/node_modules/node-red-node-ui-microphone/ui_microphone.js"
            }
        }
    },
    "node-red-contrib-speech-to-text-ubos": {
        "name": "node-red-contrib-speech-to-text-ubos",
        "version": "1.0.2",
        "local": true,
        "user": true,
        "nodes": {
            "speech-to-text-ubos": {
                "name": "speech-to-text-ubos",
                "types": [
                    "speech-to-text-ubos"
                ],
                "enabled": true,
                "local": true,
                "user": false,
                "module": "node-red-contrib-speech-to-text-ubos",
                "file": "/data/node_modules/node-red-contrib-speech-to-text-ubos/subflow.js"
            }
        }
    },
    "node-red-contrib-play-audio": {
        "name": "node-red-contrib-play-audio",
        "version": "2.5.0",
        "local": true,
        "user": false,
        "nodes": {
            "play-audio": {
                "name": "play-audio",
                "types": [
                    "play audio"
                ],
                "enabled": true,
                "local": true,
                "user": false,
                "module": "node-red-contrib-play-audio",
                "file": "/data/node_modules/node-red-contrib-play-audio/play-audio.js"
            }
        }
    },
    "node-red-contrib-toggle": {
        "name": "node-red-contrib-toggle",
        "version": "0.1.1",
        "local": true,
        "user": true,
        "nodes": {
            "toggle": {
                "name": "toggle",
                "types": [
                    "toggle"
                ],
                "enabled": true,
                "local": true,
                "user": false,
                "module": "node-red-contrib-toggle",
                "file": "/data/node_modules/node-red-contrib-toggle/toggle.js"
            }
        }
    }
}