[
    {
        "id": "84b2556e75e71741",
        "type": "tab",
        "label": "Multifunplayer",
        "disabled": false,
        "info": "",
        "env": []
    },
    {
        "id": "mqtt_broker",
        "type": "mqtt-broker",
        "name": "Local MQTT",
        "broker": "172.28.0.2",
        "port": "1883",
        "clientid": "NodeRed_Client",
        "autoConnect": true,
        "usetls": false,
        "protocolVersion": "4",
        "keepalive": "60",
        "cleansession": true,
        "autoUnsubscribe": true,
        "birthTopic": "",
        "birthQos": "0",
        "birthPayload": "",
        "birthMsg": {},
        "closeTopic": "",
        "closePayload": "",
        "closeMsg": {},
        "willTopic": "",
        "willQos": "0",
        "willPayload": "",
        "willMsg": {},
        "userProps": "",
        "sessionExpiry": ""
    },
    {
        "id": "41cf87d9d5b1e089",
        "type": "websocket-listener",
        "path": "ws://127.0.0.1:5384",
        "wholemsg": "false"
    },
    {
        "id": "a0a42fdf73b999c0",
        "type": "websocket-client",
        "path": "ws://192.168.1.13:2666",
        "tls": "",
        "wholemsg": "false",
        "hb": "0",
        "subprotocol": "",
        "headers": []
    },
    {
        "id": "5987c792cbcc030d",
        "type": "discord-token",
        "name": "input"
    },
    {
        "id": "474ab1fd47cae31f",
        "type": "discord-token",
        "name": "output"
    },
    {
        "id": "592ae37a38d0305b",
        "type": "ui_tab",
        "name": "Home",
        "icon": "dashboard",
        "disabled": false,
        "hidden": false
    },
    {
        "id": "34a54d63eafa9cfc",
        "type": "ui_base",
        "theme": {
            "name": "theme-light",
            "lightTheme": {
                "default": "#0094CE",
                "baseColor": "#0094CE",
                "baseFont": "-apple-system,BlinkMacSystemFont,Segoe UI,Roboto,Oxygen-Sans,Ubuntu,Cantarell,Helvetica Neue,sans-serif",
                "edited": true,
                "reset": false
            },
            "darkTheme": {
                "default": "#097479",
                "baseColor": "#097479",
                "baseFont": "-apple-system,BlinkMacSystemFont,Segoe UI,Roboto,Oxygen-Sans,Ubuntu,Cantarell,Helvetica Neue,sans-serif",
                "edited": false
            },
            "customTheme": {
                "name": "Untitled Theme 1",
                "default": "#4B7930",
                "baseColor": "#4B7930",
                "baseFont": "-apple-system,BlinkMacSystemFont,Segoe UI,Roboto,Oxygen-Sans,Ubuntu,Cantarell,Helvetica Neue,sans-serif"
            },
            "themeState": {
                "base-color": {
                    "default": "#0094CE",
                    "value": "#0094CE",
                    "edited": false
                },
                "page-titlebar-backgroundColor": {
                    "value": "#0094CE",
                    "edited": false
                },
                "page-backgroundColor": {
                    "value": "#fafafa",
                    "edited": false
                },
                "page-sidebar-backgroundColor": {
                    "value": "#ffffff",
                    "edited": false
                },
                "group-textColor": {
                    "value": "#1bbfff",
                    "edited": false
                },
                "group-borderColor": {
                    "value": "#ffffff",
                    "edited": false
                },
                "group-backgroundColor": {
                    "value": "#ffffff",
                    "edited": false
                },
                "widget-textColor": {
                    "value": "#111111",
                    "edited": false
                },
                "widget-backgroundColor": {
                    "value": "#0094ce",
                    "edited": false
                },
                "widget-borderColor": {
                    "value": "#ffffff",
                    "edited": false
                },
                "base-font": {
                    "value": "-apple-system,BlinkMacSystemFont,Segoe UI,Roboto,Oxygen-Sans,Ubuntu,Cantarell,Helvetica Neue,sans-serif"
                }
            },
            "angularTheme": {
                "primary": "indigo",
                "accents": "blue",
                "warn": "red",
                "background": "grey",
                "palette": "light"
            }
        },
        "site": {
            "name": "Node-RED Dashboard",
            "hideToolbar": "false",
            "allowSwipe": "false",
            "lockMenu": "false",
            "allowTempTheme": "true",
            "dateFormat": "DD/MM/YYYY",
            "sizes": {
                "sx": 48,
                "sy": 48,
                "gx": 6,
                "gy": 6,
                "cx": 6,
                "cy": 6,
                "px": 0,
                "py": 0
            }
        }
    },
    {
        "id": "2c0480e168bf55d7",
        "type": "ui_group",
        "name": "Speeds",
        "tab": "592ae37a38d0305b",
        "order": 1,
        "disp": true,
        "width": "6",
        "collapse": false
    },
    {
        "id": "71195d9c993607f7",
        "type": "mqtt-broker",
        "name": "HOIT MQTT",
        "broker": "192.168.1.5",
        "port": "1883",
        "clientid": "temp",
        "autoConnect": true,
        "usetls": false,
        "protocolVersion": "4",
        "keepalive": "60",
        "cleansession": false,
        "autoUnsubscribe": true,
        "birthTopic": "",
        "birthQos": "0",
        "birthRetain": "false",
        "birthPayload": "",
        "birthMsg": {},
        "closeTopic": "",
        "closeQos": "0",
        "closeRetain": "false",
        "closePayload": "",
        "closeMsg": {},
        "willTopic": "",
        "willQos": "0",
        "willRetain": "false",
        "willPayload": "",
        "willMsg": {},
        "userProps": "",
        "sessionExpiry": ""
    },
    {
        "id": "a39fde599382f327",
        "type": "websocket-listener",
        "path": "/ws",
        "wholemsg": "false"
    },
    {
        "id": "20f102025c24a6ef",
        "type": "soundfile-directory",
        "directory": "/data/audio/"
    },
    {
        "id": "c91673e2c092a294",
        "type": "mqtt-broker",
        "name": "",
        "broker": "192.168.1.5",
        "port": "1883",
        "clientid": "",
        "autoConnect": true,
        "usetls": false,
        "protocolVersion": "5",
        "keepalive": "60",
        "cleansession": true,
        "autoUnsubscribe": true,
        "birthTopic": "",
        "birthQos": "0",
        "birthPayload": "",
        "birthMsg": {},
        "closeTopic": "",
        "closeQos": "0",
        "closePayload": "",
        "closeMsg": {},
        "willTopic": "",
        "willQos": "0",
        "willPayload": "",
        "willMsg": {},
        "userProps": "",
        "sessionExpiry": ""
    },
    {
        "id": "ed0875eeb0288c55",
        "type": "function",
        "z": "84b2556e75e71741",
        "name": "Speed Controller",
        "func": "// Initialize state variables\nvar lastspeed = context.get('lastspeed') || 0;\nvar wasstarted = context.get('wasstarted') || false;\n\n// Define VR codes for speed control\nconst vr_codes = {\n    0: [0x11, 0x30], // CTRL + 0 (Stop)\n    1: [0x11, 0x31], // CTRL + 1\n    2: [0x11, 0x32], // CTRL + 2\n    3: [0x11, 0x33], // CTRL + 3\n    4: [0x11, 0x34], // CTRL + 4\n    5: [0x11, 0x35], // CTRL + 5\n    6: [0x11, 0x36], // CTRL + 6\n    7: [0x11, 0x37], // CTRL + 7\n    8: [0x11, 0x38]  // CTRL + 8\n};\n\n// Function to get a random number within a given range (inclusive)\nfunction getRandomInRange(min, max) {\n    return Math.floor(Math.random() * (max - min + 1)) + min;\n}\n\n// Prepare the output messages\nlet output0 = null;\nlet output1 = null;\n\n// Helper function to format the array as a string \"[0x11, 0x30]\"\nfunction formatVrCode(code) {\n    return `[${code.map(byte => '0x' + byte.toString(16)).join(', ')}]`;\n}\n\n// Get the input command\nconst command = msg.payload.toLowerCase();\n\n// Function to set debug status\nfunction updateStatus(text) {\n    node.status({ fill: \"blue\", shape: \"dot\", text: text });\n}\n\nswitch (command) {\n    case 'faster':\n        if (lastspeed < 8) {\n            lastspeed += 1;\n            output0 = { payload: formatVrCode(vr_codes[lastspeed]) };\n            if (lastspeed === 8) {\n                output1 = { payload: 'maxspeed' };\n            }\n        }\n        wasstarted = true;\n        updateStatus(`Last command: ${command}, Speed: ${lastspeed}`);\n        break;\n\n    case 'slower':\n        if (lastspeed > 1) {\n            lastspeed -= 1;\n            output0 = { payload: formatVrCode(vr_codes[lastspeed]) };\n            if (lastspeed === 1) {\n                output1 = { payload: 'minspeed' };\n            }\n        }\n        wasstarted = true;\n        updateStatus(`Last command: ${command}, Speed: ${lastspeed}`);\n        break;\n\n    case 'stop':\n        lastspeed = 0;\n        output0 = { payload: formatVrCode(vr_codes[0]) };\n        output1 = { payload: 'stop' };\n        wasstarted = false;\n        updateStatus(`Last command: ${command}, Speed: ${lastspeed}`);\n        break;\n\n    case 'speedslow':\n        let newSpeedSlow;\n        do {\n            newSpeedSlow = getRandomInRange(1, 3); // CTRL 1-3\n        } while (newSpeedSlow === lastspeed);\n        lastspeed = newSpeedSlow;\n        output0 = { payload: formatVrCode(vr_codes[lastspeed]) };\n        updateStatus(`Last command: ${command}, Speed: ${lastspeed}`);\n        break;\n\n    case 'speedmedium':\n        let newSpeedMedium;\n        do {\n            newSpeedMedium = getRandomInRange(4, 6); // CTRL 4-6\n        } while (newSpeedMedium === lastspeed);\n        lastspeed = newSpeedMedium;\n        output0 = { payload: formatVrCode(vr_codes[lastspeed]) };\n        updateStatus(`Last command: ${command}, Speed: ${lastspeed}`);\n        break;\n\n    case 'speedfast':\n        let newSpeedFast;\n        do {\n            newSpeedFast = getRandomInRange(6, 8); // CTRL 6-8\n        } while (newSpeedFast === lastspeed);\n        lastspeed = newSpeedFast;\n        output0 = { payload: formatVrCode(vr_codes[lastspeed]) };\n        updateStatus(`Last command: ${command}, Speed: ${lastspeed}`);\n        break;\n\n    default:\n        node.warn(\"Invalid command received\");\n        updateStatus(\"Invalid command\");\n        return; // Exit the function to avoid loops\n}\n\n// Store the lastspeed and wasstarted state in the context\ncontext.set('lastspeed', lastspeed);\ncontext.set('wasstarted', wasstarted);\n\n// Return the outputs\nreturn [output0, output1];\n",
        "outputs": 2,
        "timeout": 0,
        "noerr": 0,
        "initialize": "",
        "finalize": "",
        "libs": [],
        "x": 1470,
        "y": 420,
        "wires": [
            [
                "aadb34e6bd788c2b",
                "13f00690f4831e53"
            ],
            []
        ]
    },
    {
        "id": "b81fe964625ae111",
        "type": "change",
        "z": "84b2556e75e71741",
        "name": "stop",
        "rules": [
            {
                "t": "set",
                "p": "payload",
                "pt": "msg",
                "to": "stop",
                "tot": "str"
            }
        ],
        "action": "",
        "property": "",
        "from": "",
        "to": "",
        "reg": false,
        "x": 990,
        "y": 260,
        "wires": [
            [
                "ed0875eeb0288c55"
            ]
        ]
    },
    {
        "id": "c6e6222816f6b95e",
        "type": "change",
        "z": "84b2556e75e71741",
        "name": "faster",
        "rules": [
            {
                "t": "set",
                "p": "payload",
                "pt": "msg",
                "to": "faster",
                "tot": "str"
            }
        ],
        "action": "",
        "property": "",
        "from": "",
        "to": "",
        "reg": false,
        "x": 990,
        "y": 300,
        "wires": [
            [
                "ed0875eeb0288c55"
            ]
        ]
    },
    {
        "id": "2a6b09b817e6c5fe",
        "type": "change",
        "z": "84b2556e75e71741",
        "name": "slower",
        "rules": [
            {
                "t": "set",
                "p": "payload",
                "pt": "msg",
                "to": "slower",
                "tot": "str"
            }
        ],
        "action": "",
        "property": "",
        "from": "",
        "to": "",
        "reg": false,
        "x": 990,
        "y": 340,
        "wires": [
            [
                "ed0875eeb0288c55"
            ]
        ]
    },
    {
        "id": "21007b2696740318",
        "type": "change",
        "z": "84b2556e75e71741",
        "name": "speedslow",
        "rules": [
            {
                "t": "set",
                "p": "payload",
                "pt": "msg",
                "to": "speedslow",
                "tot": "str"
            }
        ],
        "action": "",
        "property": "",
        "from": "",
        "to": "",
        "reg": false,
        "x": 1010,
        "y": 440,
        "wires": [
            [
                "ed0875eeb0288c55"
            ]
        ]
    },
    {
        "id": "e830c799ea64287d",
        "type": "change",
        "z": "84b2556e75e71741",
        "name": "speedmedium",
        "rules": [
            {
                "t": "set",
                "p": "payload",
                "pt": "msg",
                "to": "speedmedium",
                "tot": "str"
            }
        ],
        "action": "",
        "property": "",
        "from": "",
        "to": "",
        "reg": false,
        "x": 1020,
        "y": 480,
        "wires": [
            [
                "ed0875eeb0288c55"
            ]
        ]
    },
    {
        "id": "19bc401cdc44f6e9",
        "type": "change",
        "z": "84b2556e75e71741",
        "name": "speedfast",
        "rules": [
            {
                "t": "set",
                "p": "payload",
                "pt": "msg",
                "to": "speedfast",
                "tot": "str"
            }
        ],
        "action": "",
        "property": "",
        "from": "",
        "to": "",
        "reg": false,
        "x": 1000,
        "y": 520,
        "wires": [
            [
                "ed0875eeb0288c55"
            ]
        ]
    },
    {
        "id": "aadb34e6bd788c2b",
        "type": "mqtt out",
        "z": "84b2556e75e71741",
        "name": "/noxyred/keys",
        "topic": "/noxyred/keys",
        "qos": "2",
        "retain": "false",
        "respTopic": "",
        "contentType": "",
        "userProps": "",
        "correl": "",
        "expiry": "",
        "broker": "mqtt_broker",
        "x": 1700,
        "y": 740,
        "wires": []
    },
    {
        "id": "3cbf4a237477a9d7",
        "type": "ui_button",
        "z": "84b2556e75e71741",
        "name": "",
        "group": "2c0480e168bf55d7",
        "order": 0,
        "width": 0,
        "height": 0,
        "passthru": true,
        "label": "Stop",
        "tooltip": "",
        "color": "",
        "bgcolor": "red",
        "icon": "",
        "payload": "stop",
        "payloadType": "str",
        "topic": "topic",
        "topicType": "msg",
        "x": 730,
        "y": 260,
        "wires": [
            [
                "b81fe964625ae111",
                "a28bca3e1010ab85",
                "bf517a4a421f87ef"
            ]
        ]
    },
    {
        "id": "b6362698ccce4a41",
        "type": "ui_button",
        "z": "84b2556e75e71741",
        "name": "",
        "group": "2c0480e168bf55d7",
        "order": 0,
        "width": 0,
        "height": 0,
        "passthru": true,
        "label": "Faster",
        "tooltip": "",
        "color": "",
        "bgcolor": "",
        "icon": "",
        "payload": "",
        "payloadType": "str",
        "topic": "topic",
        "topicType": "msg",
        "x": 730,
        "y": 300,
        "wires": [
            [
                "c6e6222816f6b95e"
            ]
        ]
    },
    {
        "id": "b13cee711547eca6",
        "type": "ui_button",
        "z": "84b2556e75e71741",
        "name": "",
        "group": "2c0480e168bf55d7",
        "order": 0,
        "width": 0,
        "height": 0,
        "passthru": true,
        "label": "Slower",
        "tooltip": "",
        "color": "",
        "bgcolor": "",
        "icon": "",
        "payload": "",
        "payloadType": "str",
        "topic": "topic",
        "topicType": "msg",
        "x": 730,
        "y": 340,
        "wires": [
            [
                "2a6b09b817e6c5fe"
            ]
        ]
    },
    {
        "id": "f4b4026c44e98ae1",
        "type": "ui_button",
        "z": "84b2556e75e71741",
        "name": "",
        "group": "2c0480e168bf55d7",
        "order": 0,
        "width": 0,
        "height": 0,
        "passthru": true,
        "label": "Edge Cycle",
        "tooltip": "",
        "color": "",
        "bgcolor": "orange",
        "icon": "",
        "payload": "enable",
        "payloadType": "str",
        "topic": "payload",
        "topicType": "msg",
        "x": 410,
        "y": 780,
        "wires": [
            [
                "bf517a4a421f87ef"
            ]
        ]
    },
    {
        "id": "bf517a4a421f87ef",
        "type": "function",
        "z": "84b2556e75e71741",
        "name": "Loop Gate",
        "func": "// Initialize the flow state to disabled if it doesn't exist\nif (typeof flow.get(\"enabled\") === \"undefined\") {\n    flow.set(\"enabled\", false);\n    node.status({ fill: \"red\", shape: \"ring\", text: \"Waiting for enable\" });\n}\n\n// Check the current state\nlet isEnabled = flow.get(\"enabled\");\n\n// Check the incoming message payload\nif (msg.payload === \"enable\") {\n    if (!isEnabled) {\n        // Enable and send \"on\" only if previously disabled\n        flow.set(\"enabled\", true);\n        node.status({ fill: \"green\", shape: \"dot\", text: \"Enabled\" });\n        return { payload: \"on\" };  // Send initial \"on\" message on enable\n    }\n} else if (msg.payload === \"stop\") {\n    // Disable forwarding and update status\n    flow.set(\"enabled\", false);\n    node.status({ fill: \"red\", shape: \"ring\", text: \"Stopped\" });\n} else if (msg.payload === \"on\" && isEnabled) {\n    // Forward \"on\" messages only if enabled\n    return msg;\n} else {\n    return null; // Ignore all other messages when not enabled\n}\n",
        "outputs": 1,
        "timeout": 0,
        "noerr": 0,
        "initialize": "",
        "finalize": "",
        "libs": [],
        "x": 710,
        "y": 800,
        "wires": [
            [
                "f54d0839c2fc75fd",
                "cfabf94c64e06fce",
                "a28bca3e1010ab85"
            ]
        ]
    },
    {
        "id": "f54d0839c2fc75fd",
        "type": "trigger",
        "z": "84b2556e75e71741",
        "name": "send fast",
        "op1": "speedfast",
        "op2": "faster",
        "op1type": "str",
        "op2type": "str",
        "duration": "6",
        "extend": false,
        "overrideDelay": false,
        "units": "s",
        "reset": "",
        "bytopic": "all",
        "topic": "topic",
        "outputs": 2,
        "x": 1160,
        "y": 780,
        "wires": [
            [
                "ed0875eeb0288c55"
            ],
            [
                "ed0875eeb0288c55"
            ]
        ]
    },
    {
        "id": "cfabf94c64e06fce",
        "type": "delay",
        "z": "84b2556e75e71741",
        "name": "random delay",
        "pauseType": "random",
        "timeout": "5",
        "timeoutUnits": "seconds",
        "rate": "1",
        "nbRateUnits": "1",
        "rateUnits": "second",
        "randomFirst": "15",
        "randomLast": "30",
        "randomUnits": "seconds",
        "drop": false,
        "allowrate": false,
        "outputs": 1,
        "x": 880,
        "y": 760,
        "wires": [
            [
                "c49557bffc89afc8"
            ]
        ]
    },
    {
        "id": "a28bca3e1010ab85",
        "type": "function",
        "z": "84b2556e75e71741",
        "name": "50/50 Chance roll",
        "func": "// Initialize the forwarding state if it doesn't exist\nif (typeof flow.get(\"forwardingEnabled\") === \"undefined\") {\n    flow.set(\"forwardingEnabled\", true);  // Default to forwarding enabled\n}\n\n// Check for control messages to update the forwarding state\nif (msg.payload === \"stop\") {\n    flow.set(\"forwardingEnabled\", false);\n    node.status({ fill: \"red\", shape: \"ring\", text: \"Stopped\" });\n    return null;  // Do not forward any messages when stopped\n} else if (msg.payload === \"on\") {\n    flow.set(\"forwardingEnabled\", true);\n    node.status({ fill: \"green\", shape: \"dot\", text: \"Forwarding\" });\n    return null;  // No need to forward control messages\n}\n\n// Forward messages only if forwarding is enabled\nif (flow.get(\"forwardingEnabled\") === true) {\n    // Generate a random boolean with a 50/50 chance\n    const randomChoice = Math.random() < 0.5;\n\n    // Forward to output 1 or output 2 based on random choice\n    if (randomChoice) {\n        return [msg, null];  // Send to output 1\n    } else {\n        return [null, msg];  // Send to output 2\n    }\n} else {\n    // If stopped, do not forward messages\n    return null;\n}\n",
        "outputs": 2,
        "timeout": 0,
        "noerr": 0,
        "initialize": "",
        "finalize": "",
        "libs": [],
        "x": 610,
        "y": 660,
        "wires": [
            [
                "d91a3cd7af31061c",
                "b81fe964625ae111"
            ],
            [
                "2c61562a4fe0377c",
                "21007b2696740318"
            ]
        ]
    },
    {
        "id": "21547b6c68aec2ef",
        "type": "trigger",
        "z": "84b2556e75e71741",
        "name": "restart cycle",
        "op1": "on",
        "op2": "0",
        "op1type": "str",
        "op2type": "str",
        "duration": "250",
        "extend": false,
        "overrideDelay": false,
        "units": "ms",
        "reset": "",
        "bytopic": "all",
        "topic": "topic",
        "outputs": 2,
        "x": 1170,
        "y": 660,
        "wires": [
            [
                "bf517a4a421f87ef"
            ],
            []
        ]
    },
    {
        "id": "2c61562a4fe0377c",
        "type": "delay",
        "z": "84b2556e75e71741",
        "name": "random delay for speedslow",
        "pauseType": "random",
        "timeout": "5",
        "timeoutUnits": "seconds",
        "rate": "1",
        "nbRateUnits": "1",
        "rateUnits": "second",
        "randomFirst": "15",
        "randomLast": "30",
        "randomUnits": "seconds",
        "drop": false,
        "allowrate": false,
        "outputs": 1,
        "x": 900,
        "y": 680,
        "wires": [
            [
                "21547b6c68aec2ef"
            ]
        ]
    },
    {
        "id": "d91a3cd7af31061c",
        "type": "delay",
        "z": "84b2556e75e71741",
        "name": "random delay for stop",
        "pauseType": "random",
        "timeout": "5",
        "timeoutUnits": "seconds",
        "rate": "1",
        "nbRateUnits": "1",
        "rateUnits": "second",
        "randomFirst": "8",
        "randomLast": "15",
        "randomUnits": "seconds",
        "drop": false,
        "allowrate": false,
        "outputs": 1,
        "x": 880,
        "y": 640,
        "wires": [
            [
                "21547b6c68aec2ef"
            ]
        ]
    },
    {
        "id": "f704936291756691",
        "type": "mqtt in",
        "z": "84b2556e75e71741",
        "name": "",
        "topic": "/noxyred/output",
        "qos": "2",
        "datatype": "auto-detect",
        "broker": "mqtt_broker",
        "nl": false,
        "rap": true,
        "rh": 0,
        "inputs": 0,
        "x": 240,
        "y": 100,
        "wires": [
            [
                "847ad2e9b6556729"
            ]
        ]
    },
    {
        "id": "847ad2e9b6556729",
        "type": "switch",
        "z": "84b2556e75e71741",
        "name": "",
        "property": "payload",
        "propertyType": "msg",
        "rules": [
            {
                "t": "eq",
                "v": "97",
                "vt": "num"
            },
            {
                "t": "eq",
                "v": "98",
                "vt": "num"
            },
            {
                "t": "eq",
                "v": "99",
                "vt": "num"
            },
            {
                "t": "eq",
                "v": "100",
                "vt": "num"
            }
        ],
        "checkall": "true",
        "repair": false,
        "outputs": 4,
        "x": 230,
        "y": 360,
        "wires": [
            [
                "3cbf4a237477a9d7"
            ],
            [
                "b6362698ccce4a41"
            ],
            [
                "b13cee711547eca6"
            ],
            [
                "f4b4026c44e98ae1"
            ]
        ]
    },
    {
        "id": "c49557bffc89afc8",
        "type": "change",
        "z": "84b2556e75e71741",
        "name": "signal",
        "rules": [
            {
                "t": "set",
                "p": "payload",
                "pt": "msg",
                "to": "signal",
                "tot": "str"
            }
        ],
        "action": "",
        "property": "",
        "from": "",
        "to": "",
        "reg": false,
        "x": 430,
        "y": 660,
        "wires": [
            [
                "a28bca3e1010ab85"
            ]
        ]
    },
    {
        "id": "1aecca094ebf16fd",
        "type": "comment",
        "z": "84b2556e75e71741",
        "name": "<- the green field is like a button you can toggle on and off",
        "info": "",
        "x": 1850,
        "y": 60,
        "wires": []
    },
    {
        "id": "13f00690f4831e53",
        "type": "debug",
        "z": "84b2556e75e71741",
        "name": "debug 1",
        "active": true,
        "tosidebar": true,
        "console": false,
        "tostatus": false,
        "complete": "false",
        "statusVal": "",
        "statusType": "auto",
        "x": 1540,
        "y": 60,
        "wires": []
    },
    {
        "id": "312ffae8e23f96e1",
        "type": "comment",
        "z": "84b2556e75e71741",
        "name": "Check if status is connected",
        "info": "",
        "x": 200,
        "y": 60,
        "wires": []
    },
    {
        "id": "fd7f32e4988ad1f6",
        "type": "comment",
        "z": "84b2556e75e71741",
        "name": "Here we send the Key to MFP",
        "info": "",
        "x": 1730,
        "y": 700,
        "wires": []
    },
    {
        "id": "32907cdb9a72a651",
        "type": "comment",
        "z": "84b2556e75e71741",
        "name": "This node routes the keys comming in",
        "info": "",
        "x": 270,
        "y": 300,
        "wires": []
    },
    {
        "id": "63c8f5b655dcf960",
        "type": "comment",
        "z": "84b2556e75e71741",
        "name": "This logic will go on, until a stop is recived",
        "info": "",
        "x": 510,
        "y": 600,
        "wires": []
    },
    {
        "id": "c66b57d25a814e8c",
        "type": "comment",
        "z": "84b2556e75e71741",
        "name": "you can see the debug messages in the debug tab ---->",
        "info": "",
        "x": 1850,
        "y": 20,
        "wires": []
    }
]