{
  "ConfigVersion": 27,
  "LogLevel": "Info",
  "LogBlacklist": {
    "MultiFunPlayer.Input.RawInput.*": "Trace",
    "MultiFunPlayer.Input.XInput.*": "Trace"
  },
  "Devices": [
    {
      "Name": "TCode-0.2",
      "IsDefault": true,
      "OutputPrecision": 3,
      "Axes": [
        {
          "Name": "L0",
          "FriendlyName": "Up/Down",
          "FunscriptNames": [
            "stroke",
            "L0",
            "up"
          ],
          "LoadUnnamedScript": true,
          "DefaultValue": 0.5,
          "Enabled": true
        },
        {
          "Name": "L1",
          "FriendlyName": "Forward/Backward",
          "FunscriptNames": [
            "surge",
            "L1",
            "forward"
          ],
          "LoadUnnamedScript": false,
          "DefaultValue": 0.5,
          "Enabled": true
        },
        {
          "Name": "L2",
          "FriendlyName": "Left/Right",
          "FunscriptNames": [
            "sway",
            "L2",
            "left"
          ],
          "LoadUnnamedScript": false,
          "DefaultValue": 0.5,
          "Enabled": true
        },
        {
          "Name": "R0",
          "FriendlyName": "Twist",
          "FunscriptNames": [
            "twist",
            "R0",
            "yaw"
          ],
          "LoadUnnamedScript": false,
          "DefaultValue": 0.5,
          "Enabled": true
        },
        {
          "Name": "R1",
          "FriendlyName": "Roll",
          "FunscriptNames": [
            "roll",
            "R1"
          ],
          "LoadUnnamedScript": false,
          "DefaultValue": 0.5,
          "Enabled": true
        },
        {
          "Name": "R2",
          "FriendlyName": "Pitch",
          "FunscriptNames": [
            "pitch",
            "R2"
          ],
          "LoadUnnamedScript": false,
          "DefaultValue": 0.5,
          "Enabled": true
        },
        {
          "Name": "V0",
          "FriendlyName": "Vibrate",
          "FunscriptNames": [
            "vib",
            "V0"
          ],
          "LoadUnnamedScript": false,
          "DefaultValue": 0.0,
          "Enabled": false
        },
        {
          "Name": "V1",
          "FriendlyName": "Pump",
          "FunscriptNames": [
            "pump",
            "lube",
            "V1"
          ],
          "LoadUnnamedScript": false,
          "DefaultValue": 0.0,
          "Enabled": false
        },
        {
          "Name": "L3",
          "FriendlyName": "Suction",
          "FunscriptNames": [
            "suck",
            "valve",
            "L3"
          ],
          "LoadUnnamedScript": false,
          "DefaultValue": 0.0,
          "Enabled": false
        }
      ]
    },
    {
      "Name": "TCode-0.3",
      "IsDefault": true,
      "OutputPrecision": 4,
      "Axes": [
        {
          "Name": "L0",
          "FriendlyName": "Up/Down",
          "FunscriptNames": [
            "stroke",
            "L0",
            "up"
          ],
          "LoadUnnamedScript": true,
          "DefaultValue": 0.5,
          "Enabled": true
        },
        {
          "Name": "L1",
          "FriendlyName": "Forward/Backward",
          "FunscriptNames": [
            "surge",
            "L1",
            "forward"
          ],
          "LoadUnnamedScript": false,
          "DefaultValue": 0.5,
          "Enabled": true
        },
        {
          "Name": "L2",
          "FriendlyName": "Left/Right",
          "FunscriptNames": [
            "sway",
            "L2",
            "left"
          ],
          "LoadUnnamedScript": false,
          "DefaultValue": 0.5,
          "Enabled": true
        },
        {
          "Name": "R0",
          "FriendlyName": "Twist",
          "FunscriptNames": [
            "twist",
            "R0",
            "yaw"
          ],
          "LoadUnnamedScript": false,
          "DefaultValue": 0.5,
          "Enabled": true
        },
        {
          "Name": "R1",
          "FriendlyName": "Roll",
          "FunscriptNames": [
            "roll",
            "R1"
          ],
          "LoadUnnamedScript": false,
          "DefaultValue": 0.5,
          "Enabled": true
        },
        {
          "Name": "R2",
          "FriendlyName": "Pitch",
          "FunscriptNames": [
            "pitch",
            "R2"
          ],
          "LoadUnnamedScript": false,
          "DefaultValue": 0.5,
          "Enabled": true
        },
        {
          "Name": "V0",
          "FriendlyName": "Vibrate",
          "FunscriptNames": [
            "vib",
            "V0"
          ],
          "LoadUnnamedScript": false,
          "DefaultValue": 0.0,
          "Enabled": false
        },
        {
          "Name": "V1",
          "FriendlyName": "Pump",
          "FunscriptNames": [
            "pump",
            "V1"
          ],
          "LoadUnnamedScript": false,
          "DefaultValue": 0.0,
          "Enabled": false
        },
        {
          "Name": "A0",
          "FriendlyName": "Valve",
          "FunscriptNames": [
            "valve",
            "A0"
          ],
          "LoadUnnamedScript": false,
          "DefaultValue": 0.0,
          "Enabled": false
        },
        {
          "Name": "A1",
          "FriendlyName": "Suction",
          "FunscriptNames": [
            "suck",
            "A1"
          ],
          "LoadUnnamedScript": false,
          "DefaultValue": 0.0,
          "Enabled": false
        },
        {
          "Name": "A2",
          "FriendlyName": "Lube",
          "FunscriptNames": [
            "lube",
            "A2"
          ],
          "LoadUnnamedScript": false,
          "DefaultValue": 0.0,
          "Enabled": false
        }
      ]
    },
    {
      "Name": "TCode-0.3 (custom)",
      "IsDefault": false,
      "OutputPrecision": 4,
      "Axes": [
        {
          "Name": "L0",
          "FriendlyName": "Up/Down",
          "FunscriptNames": [
            "stroke",
            "L0",
            "up"
          ],
          "LoadUnnamedScript": true,
          "DefaultValue": 0.5,
          "Enabled": true
        },
        {
          "Name": "L1",
          "FriendlyName": "Forward/Backward",
          "FunscriptNames": [
            "surge",
            "L1",
            "forward"
          ],
          "LoadUnnamedScript": true,
          "DefaultValue": 0.1,
          "Enabled": true
        },
        {
          "Name": "L2",
          "FriendlyName": "Left/Right",
          "FunscriptNames": [
            "sway",
            "L2",
            "left"
          ],
          "LoadUnnamedScript": true,
          "DefaultValue": 0.1,
          "Enabled": true
        },
        {
          "Name": "R0",
          "FriendlyName": "Twist",
          "FunscriptNames": [
            "twist",
            "R0",
            "yaw"
          ],
          "LoadUnnamedScript": true,
          "DefaultValue": 1.0,
          "Enabled": true
        },
        {
          "Name": "R1",
          "FriendlyName": "Roll",
          "FunscriptNames": [
            "roll",
            "R1"
          ],
          "LoadUnnamedScript": false,
          "DefaultValue": 0.1,
          "Enabled": true
        },
        {
          "Name": "R2",
          "FriendlyName": "Pitch",
          "FunscriptNames": [
            "pitch",
            "R2"
          ],
          "LoadUnnamedScript": false,
          "DefaultValue": 0.1,
          "Enabled": true
        },
        {
          "Name": "V0",
          "FriendlyName": "Vibrate",
          "FunscriptNames": [
            "vib",
            "V0"
          ],
          "LoadUnnamedScript": true,
          "DefaultValue": 0.0,
          "Enabled": true
        },
        {
          "Name": "V1",
          "FriendlyName": "Pump",
          "FunscriptNames": [
            "pump",
            "V1"
          ],
          "LoadUnnamedScript": false,
          "DefaultValue": 0.0,
          "Enabled": false
        },
        {
          "Name": "A0",
          "FriendlyName": "Valve",
          "FunscriptNames": [
            "valve",
            "A0"
          ],
          "LoadUnnamedScript": false,
          "DefaultValue": 0.0,
          "Enabled": false
        },
        {
          "Name": "A1",
          "FriendlyName": "Suction",
          "FunscriptNames": [
            "suck",
            "A1"
          ],
          "LoadUnnamedScript": false,
          "DefaultValue": 0.0,
          "Enabled": false
        },
        {
          "Name": "A2",
          "FriendlyName": "Lube",
          "FunscriptNames": [
            "lube",
            "A2"
          ],
          "LoadUnnamedScript": false,
          "DefaultValue": 0.0,
          "Enabled": false
        },
        {
          "Name": "A3",
          "FriendlyName": null,
          "FunscriptNames": [
            "A3"
          ],
          "LoadUnnamedScript": false,
          "DefaultValue": 0.0,
          "Enabled": false
        }
      ]
    }
  ],
  "SelectedDevice": "TCode-0.3 (custom)",
  "OutputTarget": {
    "ContentVisible": true,
    "ScanDelay": 2500,
    "ScanInterval": 5000,
    "ActiveItem": "Serial/0",
    "Items": [
      {
        "$index": 0,
        "$type": "MultiFunPlayer.OutputTarget.ViewModels.ButtplugOutputTarget, MultiFunPlayer",
        "AutoConnectEnabled": false,
        "AxisSettings": {
          "L0": {
            "Minimum": 0.0,
            "Maximum": 100.0,
            "Enabled": true
          },
          "L1": {
            "Minimum": 0.0,
            "Maximum": 100.0,
            "Enabled": true
          },
          "L2": {
            "Minimum": 0.0,
            "Maximum": 100.0,
            "Enabled": true
          },
          "R0": {
            "Minimum": 0.0,
            "Maximum": 100.0,
            "Enabled": true
          },
          "R1": {
            "Minimum": 0.0,
            "Maximum": 100.0,
            "Enabled": true
          },
          "R2": {
            "Minimum": 0.0,
            "Maximum": 100.0,
            "Enabled": true
          },
          "V0": {
            "Minimum": 0.0,
            "Maximum": 100.0,
            "Enabled": true
          }
        },
        "UpdateInterval": 50,
        "Endpoint": "127.0.0.1:2666",
        "DeviceSettings": [
          {
            "DeviceName": "Lovense Domi",
            "DeviceIndex": 0,
            "SourceAxis": "L0",
            "ActuatorType": "Vibrate",
            "ActuatorIndex": 0,
            "UpdateType": "FixedUpdate"
          }
        ]
      },
      {
        "$index": 0,
        "$type": "MultiFunPlayer.OutputTarget.ViewModels.SerialOutputTarget, MultiFunPlayer",
        "AutoConnectEnabled": true,
        "AxisSettings": {
          "L0": {
            "Minimum": 0.0,
            "Maximum": 58.599999999999994,
            "Enabled": true
          },
          "L1": {
            "Minimum": 0.0,
            "Maximum": 100.0,
            "Enabled": true
          },
          "L2": {
            "Minimum": 0.0,
            "Maximum": 100.0,
            "Enabled": true
          },
          "R0": {
            "Minimum": 0.0,
            "Maximum": 100.0,
            "Enabled": true
          },
          "R1": {
            "Minimum": 0.0,
            "Maximum": 100.0,
            "Enabled": true
          },
          "R2": {
            "Minimum": 0.0,
            "Maximum": 100.0,
            "Enabled": true
          },
          "V0": {
            "Minimum": 0.0,
            "Maximum": 100.0,
            "Enabled": true
          }
        },
        "OffloadElapsedTime": true,
        "SendDirtyValuesOnly": true,
        "UsePreciseSleep": false,
        "UpdateInterval": 10,
        "UpdateType": "FixedUpdate",
        "SelectedSerialPort": "USB\\VID_2341&PID_0043\\B&1CB1C1D&0&2",
        "BaudRate": 115200,
        "Parity": "None",
        "StopBits": "One",
        "DataBits": 8,
        "Handshake": "None",
        "DtrEnable": true,
        "RtsEnable": true,
        "ReadTimeout": 250,
        "WriteTimeout": 250,
        "WriteBufferSize": 2048,
        "ReadBufferSize": 4096
      }
    ]
  },
  "MotionProvider": {
    "L0": [
      {
        "$type": "MultiFunPlayer.MotionProvider.ViewModels.CustomCurveMotionProvider, MultiFunPlayer",
        "Points": [
          "0,0"
        ],
        "InterpolationType": "Linear",
        "Duration": 10.0,
        "IsLooping": true,
        "SyncOnEnd": true,
        "Speed": 1.0,
        "Minimum": 0.0,
        "Maximum": 100.0
      },
      {
        "$type": "MultiFunPlayer.MotionProvider.ViewModels.LoopingScriptMotionProvider, MultiFunPlayer",
        "SourceFile": null,
        "InterpolationType": "Pchip",
        "Speed": 1.0,
        "Minimum": 0.0,
        "Maximum": 100.0
      },
      {
        "$type": "MultiFunPlayer.MotionProvider.ViewModels.PatternMotionProvider, MultiFunPlayer",
        "Pattern": "Sine",
        "Speed": 1.0,
        "Minimum": 0.0,
        "Maximum": 60.0
      },
      {
        "$type": "MultiFunPlayer.MotionProvider.ViewModels.RandomMotionProvider, MultiFunPlayer",
        "Octaves": 1,
        "Persistence": 1.0,
        "Lacunarity": 1.0,
        "Speed": 1.0000000000000004,
        "Minimum": 0.0,
        "Maximum": 5.0
      }
    ],
    "L1": [
      {
        "$type": "MultiFunPlayer.MotionProvider.ViewModels.CustomCurveMotionProvider, MultiFunPlayer",
        "Points": [
          "0,0"
        ],
        "InterpolationType": "Linear",
        "Duration": 10.0,
        "IsLooping": true,
        "SyncOnEnd": true,
        "Speed": 1.0,
        "Minimum": 0.0,
        "Maximum": 100.0
      },
      {
        "$type": "MultiFunPlayer.MotionProvider.ViewModels.LoopingScriptMotionProvider, MultiFunPlayer",
        "SourceFile": null,
        "InterpolationType": "Pchip",
        "Speed": 1.0,
        "Minimum": 0.0,
        "Maximum": 100.0
      },
      {
        "$type": "MultiFunPlayer.MotionProvider.ViewModels.PatternMotionProvider, MultiFunPlayer",
        "Pattern": "Triangle",
        "Speed": 1.0,
        "Minimum": 0.0,
        "Maximum": 100.0
      },
      {
        "$type": "MultiFunPlayer.MotionProvider.ViewModels.RandomMotionProvider, MultiFunPlayer",
        "Octaves": 1,
        "Persistence": 1.0,
        "Lacunarity": 1.0,
        "Speed": 0.3,
        "Minimum": 0.0,
        "Maximum": 100.0
      }
    ],
    "L2": [
      {
        "$type": "MultiFunPlayer.MotionProvider.ViewModels.CustomCurveMotionProvider, MultiFunPlayer",
        "Points": [
          "0,0"
        ],
        "InterpolationType": "Linear",
        "Duration": 10.0,
        "IsLooping": true,
        "SyncOnEnd": true,
        "Speed": 1.0,
        "Minimum": 0.0,
        "Maximum": 100.0
      },
      {
        "$type": "MultiFunPlayer.MotionProvider.ViewModels.LoopingScriptMotionProvider, MultiFunPlayer",
        "SourceFile": null,
        "InterpolationType": "Pchip",
        "Speed": 1.0,
        "Minimum": 0.0,
        "Maximum": 100.0
      },
      {
        "$type": "MultiFunPlayer.MotionProvider.ViewModels.PatternMotionProvider, MultiFunPlayer",
        "Pattern": "Triangle",
        "Speed": 1.0,
        "Minimum": 0.0,
        "Maximum": 100.0
      },
      {
        "$type": "MultiFunPlayer.MotionProvider.ViewModels.RandomMotionProvider, MultiFunPlayer",
        "Octaves": 1,
        "Persistence": 1.0,
        "Lacunarity": 1.0,
        "Speed": 0.3,
        "Minimum": 0.0,
        "Maximum": 100.0
      }
    ],
    "R0": [
      {
        "$type": "MultiFunPlayer.MotionProvider.ViewModels.CustomCurveMotionProvider, MultiFunPlayer",
        "Points": [
          "0,0"
        ],
        "InterpolationType": "Linear",
        "Duration": 10.0,
        "IsLooping": true,
        "SyncOnEnd": true,
        "Speed": 1.0,
        "Minimum": 0.0,
        "Maximum": 100.0
      },
      {
        "$type": "MultiFunPlayer.MotionProvider.ViewModels.LoopingScriptMotionProvider, MultiFunPlayer",
        "SourceFile": null,
        "InterpolationType": "Pchip",
        "Speed": 1.0,
        "Minimum": 0.0,
        "Maximum": 100.0
      },
      {
        "$type": "MultiFunPlayer.MotionProvider.ViewModels.PatternMotionProvider, MultiFunPlayer",
        "Pattern": "Sine",
        "Speed": 0.5,
        "Minimum": 0.0,
        "Maximum": 100.0
      },
      {
        "$type": "MultiFunPlayer.MotionProvider.ViewModels.RandomMotionProvider, MultiFunPlayer",
        "Octaves": 1,
        "Persistence": 1.0,
        "Lacunarity": 1.0,
        "Speed": 0.3,
        "Minimum": 0.0,
        "Maximum": 100.0
      }
    ],
    "R1": [
      {
        "$type": "MultiFunPlayer.MotionProvider.ViewModels.CustomCurveMotionProvider, MultiFunPlayer",
        "Points": [
          "0,0"
        ],
        "InterpolationType": "Linear",
        "Duration": 10.0,
        "IsLooping": true,
        "SyncOnEnd": true,
        "Speed": 1.0,
        "Minimum": 0.0,
        "Maximum": 100.0
      },
      {
        "$type": "MultiFunPlayer.MotionProvider.ViewModels.LoopingScriptMotionProvider, MultiFunPlayer",
        "SourceFile": null,
        "InterpolationType": "Pchip",
        "Speed": 1.0,
        "Minimum": 0.0,
        "Maximum": 100.0
      },
      {
        "$type": "MultiFunPlayer.MotionProvider.ViewModels.PatternMotionProvider, MultiFunPlayer",
        "Pattern": "Triangle",
        "Speed": 1.0,
        "Minimum": 0.0,
        "Maximum": 100.0
      },
      {
        "$type": "MultiFunPlayer.MotionProvider.ViewModels.RandomMotionProvider, MultiFunPlayer",
        "Octaves": 1,
        "Persistence": 1.0,
        "Lacunarity": 1.0,
        "Speed": 0.3,
        "Minimum": 0.0,
        "Maximum": 100.0
      }
    ],
    "R2": [
      {
        "$type": "MultiFunPlayer.MotionProvider.ViewModels.CustomCurveMotionProvider, MultiFunPlayer",
        "Points": [
          "0,0"
        ],
        "InterpolationType": "Linear",
        "Duration": 10.0,
        "IsLooping": true,
        "SyncOnEnd": true,
        "Speed": 1.0,
        "Minimum": 0.0,
        "Maximum": 100.0
      },
      {
        "$type": "MultiFunPlayer.MotionProvider.ViewModels.LoopingScriptMotionProvider, MultiFunPlayer",
        "SourceFile": null,
        "InterpolationType": "Pchip",
        "Speed": 1.0,
        "Minimum": 0.0,
        "Maximum": 100.0
      },
      {
        "$type": "MultiFunPlayer.MotionProvider.ViewModels.PatternMotionProvider, MultiFunPlayer",
        "Pattern": "Triangle",
        "Speed": 1.0,
        "Minimum": 0.0,
        "Maximum": 100.0
      },
      {
        "$type": "MultiFunPlayer.MotionProvider.ViewModels.RandomMotionProvider, MultiFunPlayer",
        "Octaves": 1,
        "Persistence": 1.0,
        "Lacunarity": 1.0,
        "Speed": 0.3,
        "Minimum": 0.0,
        "Maximum": 100.0
      }
    ],
    "V0": [
      {
        "$type": "MultiFunPlayer.MotionProvider.ViewModels.CustomCurveMotionProvider, MultiFunPlayer",
        "Points": [
          "0,0"
        ],
        "InterpolationType": "Linear",
        "Duration": 10.0,
        "IsLooping": true,
        "SyncOnEnd": true,
        "Speed": 1.0,
        "Minimum": 0.0,
        "Maximum": 100.0
      },
      {
        "$type": "MultiFunPlayer.MotionProvider.ViewModels.LoopingScriptMotionProvider, MultiFunPlayer",
        "SourceFile": null,
        "InterpolationType": "Pchip",
        "Speed": 1.0,
        "Minimum": 0.0,
        "Maximum": 100.0
      },
      {
        "$type": "MultiFunPlayer.MotionProvider.ViewModels.PatternMotionProvider, MultiFunPlayer",
        "Pattern": "Triangle",
        "Speed": 1.0,
        "Minimum": 0.0,
        "Maximum": 100.0
      },
      {
        "$type": "MultiFunPlayer.MotionProvider.ViewModels.RandomMotionProvider, MultiFunPlayer",
        "Octaves": 1,
        "Persistence": 1.0,
        "Lacunarity": 1.0,
        "Speed": 0.3,
        "Minimum": 0.0,
        "Maximum": 100.0
      }
    ]
  },
  "Script": {
    "Repositories": {
      "Local": {
        "ScriptLibraries": [
          {
            "Directory": "S:\\00_Documents",
            "Recursive": false
          }
        ],
        "Enabled": true
      },
      "Stash": {
        "ServerBaseUri": "http://127.0.0.1:9999",
        "VideoMatchType": "UseFirstMatchOnly",
        "ScriptMatchAxis": "L0",
        "Enabled": false
      },
      "XBVR": {
        "ServerBaseUri": "http://127.0.0.1:9999",
        "VideoMatchType": "UseFirstMatchOnly",
        "ScriptMatchType": "MatchAllUseFirst",
        "Enabled": false
      }
    },
    "AxisSettings": {
      "L0": {
        "LinkAxisHasPriority": false,
        "LinkAxis": "R0",
        "SmartLimitInputAxis": null,
        "SmartLimitPoints": [
          "17.8,99.2",
          "90,0"
        ],
        "SmartLimitMode": "Value",
        "SmartLimitTargetValue": 0.5,
        "InterpolationType": "Pchip",
        "AutoHomeEnabled": false,
        "AutoHomeDelay": 5.0,
        "AutoHomeDuration": 3.0,
        "AutoHomeTargetValue": 0.5,
        "AutoHomeInsideScript": false,
        "InvertValue": false,
        "Offset": 0.0,
        "ScriptScale": 195.0,
        "BypassScript": false,
        "BypassMotionProvider": false,
        "BypassTransition": false,
        "MotionProviderBlend": 0.0,
        "MotionProviderFillGaps": true,
        "MotionProviderMinimumGapDuration": 5.0,
        "MotionProviderSpeedLimitWithAxis": true,
        "UpdateMotionProviderWhenPaused": true,
        "UpdateMotionProviderWithoutScript": true,
        "UpdateMotionProviderWithAxis": null,
        "SelectedMotionProvider": "Pattern",
        "SpeedLimitEnabled": false,
        "MaximumSecondsPerStroke": 0.1
      },
      "L1": {
        "LinkAxisHasPriority": false,
        "LinkAxis": null,
        "SmartLimitInputAxis": null,
        "SmartLimitPoints": [
          "25,100",
          "90,0"
        ],
        "SmartLimitMode": "Value",
        "SmartLimitTargetValue": 0.5,
        "InterpolationType": "Pchip",
        "AutoHomeEnabled": true,
        "AutoHomeDelay": 5.0,
        "AutoHomeDuration": 3.0,
        "AutoHomeTargetValue": 0.5,
        "AutoHomeInsideScript": false,
        "InvertValue": false,
        "Offset": 0.0,
        "ScriptScale": 100.0,
        "BypassScript": true,
        "BypassMotionProvider": true,
        "BypassTransition": true,
        "MotionProviderBlend": 0.0,
        "MotionProviderFillGaps": false,
        "MotionProviderMinimumGapDuration": 5.0,
        "MotionProviderSpeedLimitWithAxis": true,
        "UpdateMotionProviderWhenPaused": false,
        "UpdateMotionProviderWithoutScript": false,
        "UpdateMotionProviderWithAxis": null,
        "SelectedMotionProvider": null,
        "SpeedLimitEnabled": false,
        "MaximumSecondsPerStroke": 0.1
      },
      "L2": {
        "LinkAxisHasPriority": false,
        "LinkAxis": null,
        "SmartLimitInputAxis": null,
        "SmartLimitPoints": [
          "25,100",
          "90,0"
        ],
        "SmartLimitMode": "Value",
        "SmartLimitTargetValue": 0.5,
        "InterpolationType": "Pchip",
        "AutoHomeEnabled": true,
        "AutoHomeDelay": 5.0,
        "AutoHomeDuration": 3.0,
        "AutoHomeTargetValue": 0.5,
        "AutoHomeInsideScript": false,
        "InvertValue": false,
        "Offset": 0.0,
        "ScriptScale": 100.0,
        "BypassScript": true,
        "BypassMotionProvider": true,
        "BypassTransition": true,
        "MotionProviderBlend": 0.0,
        "MotionProviderFillGaps": false,
        "MotionProviderMinimumGapDuration": 5.0,
        "MotionProviderSpeedLimitWithAxis": true,
        "UpdateMotionProviderWhenPaused": false,
        "UpdateMotionProviderWithoutScript": false,
        "UpdateMotionProviderWithAxis": null,
        "SelectedMotionProvider": null,
        "SpeedLimitEnabled": false,
        "MaximumSecondsPerStroke": 0.1
      },
      "R0": {
        "LinkAxisHasPriority": false,
        "LinkAxis": "L0",
        "SmartLimitInputAxis": null,
        "SmartLimitPoints": [
          "25,100",
          "90,0"
        ],
        "SmartLimitMode": "Value",
        "SmartLimitTargetValue": 0.5,
        "InterpolationType": "Pchip",
        "AutoHomeEnabled": true,
        "AutoHomeDelay": 5.0,
        "AutoHomeDuration": 3.0,
        "AutoHomeTargetValue": 0.5,
        "AutoHomeInsideScript": false,
        "InvertValue": false,
        "Offset": 0.0,
        "ScriptScale": 257.0,
        "BypassScript": false,
        "BypassMotionProvider": false,
        "BypassTransition": false,
        "MotionProviderBlend": 0.0,
        "MotionProviderFillGaps": false,
        "MotionProviderMinimumGapDuration": 5.0,
        "MotionProviderSpeedLimitWithAxis": true,
        "UpdateMotionProviderWhenPaused": true,
        "UpdateMotionProviderWithoutScript": true,
        "UpdateMotionProviderWithAxis": "L0",
        "SelectedMotionProvider": "Pattern",
        "SpeedLimitEnabled": false,
        "MaximumSecondsPerStroke": 0.1
      },
      "R1": {
        "LinkAxisHasPriority": false,
        "LinkAxis": null,
        "SmartLimitInputAxis": null,
        "SmartLimitPoints": [
          "25,100",
          "90,0"
        ],
        "SmartLimitMode": "Value",
        "SmartLimitTargetValue": 0.5,
        "InterpolationType": "Pchip",
        "AutoHomeEnabled": true,
        "AutoHomeDelay": 5.0,
        "AutoHomeDuration": 3.0,
        "AutoHomeTargetValue": 0.5,
        "AutoHomeInsideScript": false,
        "InvertValue": false,
        "Offset": 0.0,
        "ScriptScale": 100.0,
        "BypassScript": true,
        "BypassMotionProvider": true,
        "BypassTransition": true,
        "MotionProviderBlend": 0.0,
        "MotionProviderFillGaps": false,
        "MotionProviderMinimumGapDuration": 5.0,
        "MotionProviderSpeedLimitWithAxis": true,
        "UpdateMotionProviderWhenPaused": false,
        "UpdateMotionProviderWithoutScript": true,
        "UpdateMotionProviderWithAxis": "L0",
        "SelectedMotionProvider": "Random",
        "SpeedLimitEnabled": false,
        "MaximumSecondsPerStroke": 0.1
      },
      "R2": {
        "LinkAxisHasPriority": false,
        "LinkAxis": null,
        "SmartLimitInputAxis": null,
        "SmartLimitPoints": [
          "25,100",
          "90,0"
        ],
        "SmartLimitMode": "Value",
        "SmartLimitTargetValue": 0.5,
        "InterpolationType": "Pchip",
        "AutoHomeEnabled": true,
        "AutoHomeDelay": 5.0,
        "AutoHomeDuration": 3.0,
        "AutoHomeTargetValue": 0.5,
        "AutoHomeInsideScript": false,
        "InvertValue": false,
        "Offset": 0.0,
        "ScriptScale": 100.0,
        "BypassScript": true,
        "BypassMotionProvider": true,
        "BypassTransition": true,
        "MotionProviderBlend": 0.0,
        "MotionProviderFillGaps": false,
        "MotionProviderMinimumGapDuration": 5.0,
        "MotionProviderSpeedLimitWithAxis": true,
        "UpdateMotionProviderWhenPaused": false,
        "UpdateMotionProviderWithoutScript": true,
        "UpdateMotionProviderWithAxis": "L0",
        "SelectedMotionProvider": "Random",
        "SpeedLimitEnabled": false,
        "MaximumSecondsPerStroke": 0.1
      },
      "V0": {
        "LinkAxisHasPriority": false,
        "LinkAxis": null,
        "SmartLimitInputAxis": null,
        "SmartLimitPoints": [
          "25,100",
          "90,0"
        ],
        "SmartLimitMode": "Value",
        "SmartLimitTargetValue": 0.0,
        "InterpolationType": "Pchip",
        "AutoHomeEnabled": false,
        "AutoHomeDelay": 5.0,
        "AutoHomeDuration": 3.0,
        "AutoHomeTargetValue": 0.0,
        "AutoHomeInsideScript": false,
        "InvertValue": false,
        "Offset": 0.0,
        "ScriptScale": 100.0,
        "BypassScript": true,
        "BypassMotionProvider": true,
        "BypassTransition": true,
        "MotionProviderBlend": 0.0,
        "MotionProviderFillGaps": false,
        "MotionProviderMinimumGapDuration": 5.0,
        "MotionProviderSpeedLimitWithAxis": true,
        "UpdateMotionProviderWhenPaused": true,
        "UpdateMotionProviderWithoutScript": true,
        "UpdateMotionProviderWithAxis": null,
        "SelectedMotionProvider": "Pattern",
        "SpeedLimitEnabled": false,
        "MaximumSecondsPerStroke": 0.1
      }
    },
    "MediaPathModifiers": [],
    "SyncSettings": {
      "Duration": 4.0,
      "SyncOnMediaResourceChanged": true,
      "SyncOnMediaPlayPause": true,
      "SyncOnSeek": true,
      "SyncOnAutoHomeStartEnd": true
    },
    "GlobalOffset": 0.0,
    "ValuesContentVisible": true,
    "MediaContentVisible": false,
    "AxisContentVisible": true,
    "HeatmapShowRange": true,
    "HeatmapEnablePreview": true,
    "HeatmapCombineHeat": true,
    "HeatmapBucketCount": 333,
    "HeatmapInvertY": false,
    "AutoSkipToScriptStartEnabled": true,
    "AutoSkipToScriptStartOffset": 5.0
  },
  "AlwaysOnTop": false,
  "ShowErrorDialogs": true,
  "EnableUILogging": false,
  "AllowWindowResize": false,
  "AppOrientation": "Vertical",
  "RememberWindowLocation": false,
  "Theme": {
    "EnableColorAdjustment": false,
    "PrimaryColor": "#FF718792",
    "Contrast": "Medium",
    "ContrastRatio": 4.5,
    "IsDarkTheme": false
  },
  "Shortcut": {
    "Shortcuts": [
      {
        "$type": "MultiFunPlayer.Shortcut.ButtonPressShortcut, MultiFunPlayer",
        "HandleRepeating": false,
        "Name": null,
        "Gesture": {
          "$type": "MultiFunPlayer.Input.RawInput.KeyboardGestureDescriptor, MultiFunPlayer",
          "Keys": [
            "NumPad1"
          ]
        },
        "Actions": [],
        "Enabled": true
      },
      {
        "$type": "MultiFunPlayer.Shortcut.ButtonPressShortcut, MultiFunPlayer",
        "HandleRepeating": false,
        "Name": null,
        "Gesture": {
          "$type": "MultiFunPlayer.Input.RawInput.KeyboardGestureDescriptor, MultiFunPlayer",
          "Keys": [
            "NumPad3"
          ]
        },
        "Actions": [],
        "Enabled": true
      },
      {
        "$type": "MultiFunPlayer.Shortcut.ButtonPressShortcut, MultiFunPlayer",
        "HandleRepeating": false,
        "Name": "stop",
        "Gesture": {
          "$type": "MultiFunPlayer.Input.RawInput.KeyboardGestureDescriptor, MultiFunPlayer",
          "Keys": [
            "D0",
            "LeftCtrl"
          ]
        },
        "Actions": [
          {
            "Name": "MotionProvider::Pattern::Speed::Set",
            "Settings": [
              {
                "$type": "MultiFunPlayer.Common.DeviceAxis, MultiFunPlayer",
                "Value": "L0"
              },
              {
                "$type": "System.Double, System.Private.CoreLib",
                "Value": 800.0
              }
            ]
          },
          {
            "Name": "MotionProvider::Pattern::Maximum::Set",
            "Settings": [
              {
                "$type": "MultiFunPlayer.Common.DeviceAxis, MultiFunPlayer",
                "Value": "L0"
              },
              {
                "$type": "System.Double, System.Private.CoreLib",
                "Value": 0.0
              }
            ]
          },
          {
            "Name": "MotionProvider::Pattern::Maximum::Set",
            "Settings": [
              {
                "$type": "MultiFunPlayer.Common.DeviceAxis, MultiFunPlayer",
                "Value": "R0"
              },
              {
                "$type": "System.Double, System.Private.CoreLib",
                "Value": 0.0
              }
            ]
          },
          {
            "Name": "Axis::Bypass::MotionProvider::Set",
            "Settings": [
              {
                "$type": "MultiFunPlayer.Common.DeviceAxis, MultiFunPlayer",
                "Value": "L0"
              },
              {
                "$type": "System.Boolean, System.Private.CoreLib",
                "Value": false
              }
            ]
          },
          {
            "Name": "Axis::Bypass::MotionProvider::Set",
            "Settings": [
              {
                "$type": "MultiFunPlayer.Common.DeviceAxis, MultiFunPlayer",
                "Value": "R0"
              },
              {
                "$type": "System.Boolean, System.Private.CoreLib",
                "Value": true
              }
            ]
          }
        ],
        "Enabled": true
      },
      {
        "$type": "MultiFunPlayer.Shortcut.ButtonPressShortcut, MultiFunPlayer",
        "HandleRepeating": false,
        "Name": null,
        "Gesture": {
          "$type": "MultiFunPlayer.Input.RawInput.KeyboardGestureDescriptor, MultiFunPlayer",
          "Keys": [
            "D1",
            "LeftCtrl"
          ]
        },
        "Actions": [
          {
            "Name": "MotionProvider::Pattern::Speed::Set",
            "Settings": [
              {
                "$type": "MultiFunPlayer.Common.DeviceAxis, MultiFunPlayer",
                "Value": "L0"
              },
              {
                "$type": "System.Double, System.Private.CoreLib",
                "Value": 100.0
              }
            ]
          },
          {
            "Name": "Axis::Bypass::MotionProvider::Set",
            "Settings": [
              {
                "$type": "MultiFunPlayer.Common.DeviceAxis, MultiFunPlayer",
                "Value": "L0"
              },
              {
                "$type": "System.Boolean, System.Private.CoreLib",
                "Value": false
              }
            ]
          },
          {
            "Name": "MotionProvider::Pattern::Maximum::Set",
            "Settings": [
              {
                "$type": "MultiFunPlayer.Common.DeviceAxis, MultiFunPlayer",
                "Value": "L0"
              },
              {
                "$type": "System.Double, System.Private.CoreLib",
                "Value": 60.0
              }
            ]
          },
          {
            "Name": "MotionProvider::Pattern::Maximum::Set",
            "Settings": [
              {
                "$type": "MultiFunPlayer.Common.DeviceAxis, MultiFunPlayer",
                "Value": "R0"
              },
              {
                "$type": "System.Double, System.Private.CoreLib",
                "Value": 100.0
              }
            ]
          },
          {
            "Name": "MotionProvider::Pattern::Speed::Set",
            "Settings": [
              {
                "$type": "MultiFunPlayer.Common.DeviceAxis, MultiFunPlayer",
                "Value": "R0"
              },
              {
                "$type": "System.Double, System.Private.CoreLib",
                "Value": 50.0
              }
            ]
          }
        ],
        "Enabled": true
      },
      {
        "$type": "MultiFunPlayer.Shortcut.ButtonPressShortcut, MultiFunPlayer",
        "HandleRepeating": false,
        "Name": null,
        "Gesture": {
          "$type": "MultiFunPlayer.Input.RawInput.KeyboardGestureDescriptor, MultiFunPlayer",
          "Keys": [
            "D2",
            "LeftCtrl"
          ]
        },
        "Actions": [
          {
            "Name": "MotionProvider::Pattern::Speed::Set",
            "Settings": [
              {
                "$type": "MultiFunPlayer.Common.DeviceAxis, MultiFunPlayer",
                "Value": "L0"
              },
              {
                "$type": "System.Double, System.Private.CoreLib",
                "Value": 150.0
              }
            ]
          },
          {
            "Name": "Axis::Bypass::MotionProvider::Set",
            "Settings": [
              {
                "$type": "MultiFunPlayer.Common.DeviceAxis, MultiFunPlayer",
                "Value": "L0"
              },
              {
                "$type": "System.Boolean, System.Private.CoreLib",
                "Value": false
              }
            ]
          },
          {
            "Name": "MotionProvider::Pattern::Maximum::Set",
            "Settings": [
              {
                "$type": "MultiFunPlayer.Common.DeviceAxis, MultiFunPlayer",
                "Value": "R0"
              },
              {
                "$type": "System.Double, System.Private.CoreLib",
                "Value": 100.0
              }
            ]
          },
          {
            "Name": "MotionProvider::Pattern::Maximum::Set",
            "Settings": [
              {
                "$type": "MultiFunPlayer.Common.DeviceAxis, MultiFunPlayer",
                "Value": "L0"
              },
              {
                "$type": "System.Double, System.Private.CoreLib",
                "Value": 100.0
              }
            ]
          },
          {
            "Name": "MotionProvider::Pattern::Speed::Set",
            "Settings": [
              {
                "$type": "MultiFunPlayer.Common.DeviceAxis, MultiFunPlayer",
                "Value": "R0"
              },
              {
                "$type": "System.Double, System.Private.CoreLib",
                "Value": 100.0
              }
            ]
          }
        ],
        "Enabled": true
      },
      {
        "$type": "MultiFunPlayer.Shortcut.ButtonPressShortcut, MultiFunPlayer",
        "HandleRepeating": false,
        "Name": null,
        "Gesture": {
          "$type": "MultiFunPlayer.Input.RawInput.KeyboardGestureDescriptor, MultiFunPlayer",
          "Keys": [
            "D3",
            "LeftCtrl"
          ]
        },
        "Actions": [
          {
            "Name": "MotionProvider::Pattern::Speed::Set",
            "Settings": [
              {
                "$type": "MultiFunPlayer.Common.DeviceAxis, MultiFunPlayer",
                "Value": "L0"
              },
              {
                "$type": "System.Double, System.Private.CoreLib",
                "Value": 250.0
              }
            ]
          },
          {
            "Name": "Axis::Bypass::MotionProvider::Set",
            "Settings": [
              {
                "$type": "MultiFunPlayer.Common.DeviceAxis, MultiFunPlayer",
                "Value": "L0"
              },
              {
                "$type": "System.Boolean, System.Private.CoreLib",
                "Value": false
              }
            ]
          },
          {
            "Name": "MotionProvider::Pattern::Maximum::Set",
            "Settings": [
              {
                "$type": "MultiFunPlayer.Common.DeviceAxis, MultiFunPlayer",
                "Value": "L0"
              },
              {
                "$type": "System.Double, System.Private.CoreLib",
                "Value": 100.0
              }
            ]
          },
          {
            "Name": "MotionProvider::Pattern::Maximum::Set",
            "Settings": [
              {
                "$type": "MultiFunPlayer.Common.DeviceAxis, MultiFunPlayer",
                "Value": "R0"
              },
              {
                "$type": "System.Double, System.Private.CoreLib",
                "Value": 100.0
              }
            ]
          },
          {
            "Name": "MotionProvider::Pattern::Speed::Set",
            "Settings": [
              {
                "$type": "MultiFunPlayer.Common.DeviceAxis, MultiFunPlayer",
                "Value": "R0"
              },
              {
                "$type": "System.Double, System.Private.CoreLib",
                "Value": 150.0
              }
            ]
          }
        ],
        "Enabled": true
      },
      {
        "$type": "MultiFunPlayer.Shortcut.ButtonPressShortcut, MultiFunPlayer",
        "HandleRepeating": false,
        "Name": null,
        "Gesture": {
          "$type": "MultiFunPlayer.Input.RawInput.KeyboardGestureDescriptor, MultiFunPlayer",
          "Keys": [
            "D4",
            "LeftCtrl"
          ]
        },
        "Actions": [
          {
            "Name": "Axis::Bypass::MotionProvider::Set",
            "Settings": [
              {
                "$type": "MultiFunPlayer.Common.DeviceAxis, MultiFunPlayer",
                "Value": "L0"
              },
              {
                "$type": "System.Boolean, System.Private.CoreLib",
                "Value": false
              }
            ]
          },
          {
            "Name": "MotionProvider::Pattern::Speed::Set",
            "Settings": [
              {
                "$type": "MultiFunPlayer.Common.DeviceAxis, MultiFunPlayer",
                "Value": "L0"
              },
              {
                "$type": "System.Double, System.Private.CoreLib",
                "Value": 300.0
              }
            ]
          },
          {
            "Name": "MotionProvider::Pattern::Maximum::Set",
            "Settings": [
              {
                "$type": "MultiFunPlayer.Common.DeviceAxis, MultiFunPlayer",
                "Value": "L0"
              },
              {
                "$type": "System.Double, System.Private.CoreLib",
                "Value": 100.0
              }
            ]
          },
          {
            "Name": "MotionProvider::Pattern::Maximum::Set",
            "Settings": [
              {
                "$type": "MultiFunPlayer.Common.DeviceAxis, MultiFunPlayer",
                "Value": "R0"
              },
              {
                "$type": "System.Double, System.Private.CoreLib",
                "Value": 100.0
              }
            ]
          },
          {
            "Name": "MotionProvider::Pattern::Speed::Set",
            "Settings": [
              {
                "$type": "MultiFunPlayer.Common.DeviceAxis, MultiFunPlayer",
                "Value": "R0"
              },
              {
                "$type": "System.Double, System.Private.CoreLib",
                "Value": 200.0
              }
            ]
          }
        ],
        "Enabled": true
      },
      {
        "$type": "MultiFunPlayer.Shortcut.ButtonPressShortcut, MultiFunPlayer",
        "HandleRepeating": false,
        "Name": null,
        "Gesture": {
          "$type": "MultiFunPlayer.Input.RawInput.KeyboardGestureDescriptor, MultiFunPlayer",
          "Keys": [
            "D5",
            "LeftCtrl"
          ]
        },
        "Actions": [
          {
            "Name": "MotionProvider::Pattern::Speed::Set",
            "Settings": [
              {
                "$type": "MultiFunPlayer.Common.DeviceAxis, MultiFunPlayer",
                "Value": "L0"
              },
              {
                "$type": "System.Double, System.Private.CoreLib",
                "Value": 350.0
              }
            ]
          },
          {
            "Name": "Axis::Bypass::MotionProvider::Set",
            "Settings": [
              {
                "$type": "MultiFunPlayer.Common.DeviceAxis, MultiFunPlayer",
                "Value": "L0"
              },
              {
                "$type": "System.Boolean, System.Private.CoreLib",
                "Value": false
              }
            ]
          },
          {
            "Name": "MotionProvider::Pattern::Maximum::Set",
            "Settings": [
              {
                "$type": "MultiFunPlayer.Common.DeviceAxis, MultiFunPlayer",
                "Value": "L0"
              },
              {
                "$type": "System.Double, System.Private.CoreLib",
                "Value": 100.0
              }
            ]
          },
          {
            "Name": "MotionProvider::Pattern::Maximum::Set",
            "Settings": [
              {
                "$type": "MultiFunPlayer.Common.DeviceAxis, MultiFunPlayer",
                "Value": "R0"
              },
              {
                "$type": "System.Double, System.Private.CoreLib",
                "Value": 100.0
              }
            ]
          },
          {
            "Name": "MotionProvider::Pattern::Speed::Set",
            "Settings": [
              {
                "$type": "MultiFunPlayer.Common.DeviceAxis, MultiFunPlayer",
                "Value": "R0"
              },
              {
                "$type": "System.Double, System.Private.CoreLib",
                "Value": 250.0
              }
            ]
          }
        ],
        "Enabled": true
      },
      {
        "$type": "MultiFunPlayer.Shortcut.ButtonPressShortcut, MultiFunPlayer",
        "HandleRepeating": false,
        "Name": null,
        "Gesture": {
          "$type": "MultiFunPlayer.Input.RawInput.KeyboardGestureDescriptor, MultiFunPlayer",
          "Keys": [
            "D6",
            "LeftCtrl"
          ]
        },
        "Actions": [
          {
            "Name": "MotionProvider::Pattern::Speed::Set",
            "Settings": [
              {
                "$type": "MultiFunPlayer.Common.DeviceAxis, MultiFunPlayer",
                "Value": "L0"
              },
              {
                "$type": "System.Double, System.Private.CoreLib",
                "Value": 450.0
              }
            ]
          },
          {
            "Name": "Axis::Bypass::MotionProvider::Set",
            "Settings": [
              {
                "$type": "MultiFunPlayer.Common.DeviceAxis, MultiFunPlayer",
                "Value": "L0"
              },
              {
                "$type": "System.Boolean, System.Private.CoreLib",
                "Value": false
              }
            ]
          },
          {
            "Name": "MotionProvider::Pattern::Maximum::Set",
            "Settings": [
              {
                "$type": "MultiFunPlayer.Common.DeviceAxis, MultiFunPlayer",
                "Value": "L0"
              },
              {
                "$type": "System.Double, System.Private.CoreLib",
                "Value": 100.0
              }
            ]
          },
          {
            "Name": "MotionProvider::Pattern::Maximum::Set",
            "Settings": [
              {
                "$type": "MultiFunPlayer.Common.DeviceAxis, MultiFunPlayer",
                "Value": "R0"
              },
              {
                "$type": "System.Double, System.Private.CoreLib",
                "Value": 100.0
              }
            ]
          },
          {
            "Name": "MotionProvider::Pattern::Speed::Set",
            "Settings": [
              {
                "$type": "MultiFunPlayer.Common.DeviceAxis, MultiFunPlayer",
                "Value": "R0"
              },
              {
                "$type": "System.Double, System.Private.CoreLib",
                "Value": 300.0
              }
            ]
          }
        ],
        "Enabled": true
      },
      {
        "$type": "MultiFunPlayer.Shortcut.ButtonPressShortcut, MultiFunPlayer",
        "HandleRepeating": false,
        "Name": null,
        "Gesture": {
          "$type": "MultiFunPlayer.Input.RawInput.KeyboardGestureDescriptor, MultiFunPlayer",
          "Keys": [
            "D9",
            "LeftCtrl"
          ]
        },
        "Actions": [
          {
            "Name": "MotionProvider::Pattern::Speed::Set",
            "Settings": [
              {
                "$type": "MultiFunPlayer.Common.DeviceAxis, MultiFunPlayer",
                "Value": "L0"
              },
              {
                "$type": "System.Double, System.Private.CoreLib",
                "Value": 500.0
              }
            ]
          },
          {
            "Name": "MotionProvider::Pattern::Speed::Set",
            "Settings": [
              {
                "$type": "MultiFunPlayer.Common.DeviceAxis, MultiFunPlayer",
                "Value": "R0"
              },
              {
                "$type": "System.Double, System.Private.CoreLib",
                "Value": 300.0
              }
            ]
          },
          {
            "Name": "MotionProvider::Pattern::Maximum::Set",
            "Settings": [
              {
                "$type": "MultiFunPlayer.Common.DeviceAxis, MultiFunPlayer",
                "Value": "L0"
              },
              {
                "$type": "System.Double, System.Private.CoreLib",
                "Value": 100.0
              }
            ]
          },
          {
            "Name": "Axis::Bypass::MotionProvider::Set",
            "Settings": [
              {
                "$type": "MultiFunPlayer.Common.DeviceAxis, MultiFunPlayer",
                "Value": "L0"
              },
              {
                "$type": "System.Boolean, System.Private.CoreLib",
                "Value": false
              }
            ]
          }
        ],
        "Enabled": true
      },
      {
        "$type": "MultiFunPlayer.Shortcut.ButtonPressShortcut, MultiFunPlayer",
        "HandleRepeating": false,
        "Name": null,
        "Gesture": {
          "$type": "MultiFunPlayer.Input.RawInput.KeyboardGestureDescriptor, MultiFunPlayer",
          "Keys": [
            "D7",
            "LeftCtrl"
          ]
        },
        "Actions": [
          {
            "Name": "MotionProvider::Pattern::Speed::Set",
            "Settings": [
              {
                "$type": "MultiFunPlayer.Common.DeviceAxis, MultiFunPlayer",
                "Value": "L0"
              },
              {
                "$type": "System.Double, System.Private.CoreLib",
                "Value": 500.0
              }
            ]
          },
          {
            "Name": "MotionProvider::Pattern::Speed::Set",
            "Settings": [
              {
                "$type": "MultiFunPlayer.Common.DeviceAxis, MultiFunPlayer",
                "Value": "R0"
              },
              {
                "$type": "System.Double, System.Private.CoreLib",
                "Value": 300.0
              }
            ]
          },
          {
            "Name": "MotionProvider::Pattern::Maximum::Set",
            "Settings": [
              {
                "$type": "MultiFunPlayer.Common.DeviceAxis, MultiFunPlayer",
                "Value": "L0"
              },
              {
                "$type": "System.Double, System.Private.CoreLib",
                "Value": 100.0
              }
            ]
          },
          {
            "Name": "Axis::Bypass::MotionProvider::Set",
            "Settings": [
              {
                "$type": "MultiFunPlayer.Common.DeviceAxis, MultiFunPlayer",
                "Value": "L0"
              },
              {
                "$type": "System.Boolean, System.Private.CoreLib",
                "Value": false
              }
            ]
          }
        ],
        "Enabled": true
      },
      {
        "$type": "MultiFunPlayer.Shortcut.ButtonPressShortcut, MultiFunPlayer",
        "HandleRepeating": false,
        "Name": null,
        "Gesture": {
          "$type": "MultiFunPlayer.Input.RawInput.KeyboardGestureDescriptor, MultiFunPlayer",
          "Keys": [
            "D8",
            "LeftCtrl"
          ]
        },
        "Actions": [
          {
            "Name": "MotionProvider::Pattern::Speed::Set",
            "Settings": [
              {
                "$type": "MultiFunPlayer.Common.DeviceAxis, MultiFunPlayer",
                "Value": "L0"
              },
              {
                "$type": "System.Double, System.Private.CoreLib",
                "Value": 600.0
              }
            ]
          },
          {
            "Name": "MotionProvider::Pattern::Speed::Set",
            "Settings": [
              {
                "$type": "MultiFunPlayer.Common.DeviceAxis, MultiFunPlayer",
                "Value": "R0"
              },
              {
                "$type": "System.Double, System.Private.CoreLib",
                "Value": 300.0
              }
            ]
          },
          {
            "Name": "MotionProvider::Pattern::Maximum::Set",
            "Settings": [
              {
                "$type": "MultiFunPlayer.Common.DeviceAxis, MultiFunPlayer",
                "Value": "L0"
              },
              {
                "$type": "System.Double, System.Private.CoreLib",
                "Value": 100.0
              }
            ]
          },
          {
            "Name": "Axis::Bypass::MotionProvider::Set",
            "Settings": [
              {
                "$type": "MultiFunPlayer.Common.DeviceAxis, MultiFunPlayer",
                "Value": "L0"
              },
              {
                "$type": "System.Boolean, System.Private.CoreLib",
                "Value": false
              }
            ]
          },
          {
            "Name": "Axis::Bypass::MotionProvider::Set",
            "Settings": [
              {
                "$type": "MultiFunPlayer.Common.DeviceAxis, MultiFunPlayer",
                "Value": "R0"
              },
              {
                "$type": "System.Boolean, System.Private.CoreLib",
                "Value": false
              }
            ]
          }
        ],
        "Enabled": true
      }
    ],
    "IsKeyboardKeysGestureEnabled": true,
    "IsMouseAxisGestureEnabled": true,
    "IsMouseButtonGestureEnabled": true,
    "IsGamepadAxisGestureEnabled": true,
    "IsGamepadButtonGestureEnabled": true,
    "IsTCodeButtonGestureEnabled": true,
    "IsTCodeAxisGestureEnabled": true
  },
  "DisablePopup": true,
  "WindowHeight": 866,
  "WindowLeft": 1423,
  "WindowTop": 127,
  "MediaSource": {
    "ContentVisible": true,
    "ScanDelay": 2500,
    "ScanInterval": 5000,
    "Items": [
      "MPC-HC",
      "Whirligig"
    ],
    "ActiveItem": "Whirligig",
    "DeoVR": {
      "AutoConnectEnabled": false,
      "Endpoint": "127.0.0.1:23554"
    },
    "Emby": {
      "AutoConnectEnabled": false,
      "ServerBaseUri": "http://127.0.0.1:8096/",
      "ApiKey": null,
      "SelectedDevice": null
    },
    "HereSphere": {
      "AutoConnectEnabled": false,
      "Endpoint": "127.0.0.1:23554"
    },
    "Internal": {
      "AutoConnectEnabled": false,
      "IsShuffling": false,
      "IsLooping": false,
      "ScriptPlaylist": null
    },
    "Jellyfin": {
      "AutoConnectEnabled": false,
      "ServerBaseUri": "http://127.0.0.1:8096/",
      "ApiKey": null,
      "SelectedDevice": null
    },
    "MPC-HC": {
      "AutoConnectEnabled": false,
      "Endpoint": "127.0.0.1:13579"
    },
    "MPV": {
      "AutoConnectEnabled": false,
      "Executable": "C:\\Users\\manager\\Desktop\\OSR Stroke\\JFP4.0\\mpv.exe",
      "Arguments": "--keep-open --pause",
      "AutoStartEnabled": false
    },
    "OFS": {
      "AutoConnectEnabled": false,
      "Uri": "ws://127.0.0.1:8080/ofs",
      "ForceSeek": false
    },
    "Plex": {
      "AutoConnectEnabled": false,
      "ServerBaseUri": "http://127.0.0.1:32400",
      "PlexToken": null,
      "ClientIdentifier": "c6978bf6-b4bf-408b-a202-0399723e44d9",
      "SelectedClient": null
    },
    "VLC": {
      "AutoConnectEnabled": false,
      "Endpoint": "127.0.0.1:8080",
      "Password": null
    },
    "Whirligig": {
      "AutoConnectEnabled": false,
      "Endpoint": "127.0.0.1:2000"
    }
  }
}